Timestamp (YYYY-MM-DDThh:mm:ss),Glucose Value (mg/dL)
2021-03-04T00:02:00,
2021-03-04T00:06:59,
2021-03-04T00:12:00,
2021-03-04T00:17:00,
2021-03-04T00:22:00,
2021-03-04T00:27:00,
2021-03-04T00:31:59,
2021-03-04T00:37:00,
2021-03-04T00:42:00,
2021-03-04T00:47:00,
2021-03-04T00:52:00,
2021-03-04T00:57:00,
2021-03-04T01:02:00,
2021-03-04T01:06:59,
2021-03-04T01:11:59,
2021-03-04T01:17:00,
2021-03-04T01:21:59,
2021-03-04T01:27:00,
2021-03-04T01:32:00,
2021-03-04T01:37:01,
2021-03-04T01:42:00,
2021-03-04T01:47:01,
2021-03-04T01:52:01,
2021-03-04T01:57:01,
2021-03-04T02:02:01,
2021-03-04T02:07:00,
2021-03-04T02:12:01,
2021-03-04T02:17:01,
2021-03-04T02:22:00,
2021-03-04T02:27:00,
2021-03-04T02:32:00,
2021-03-04T02:37:00,
2021-03-04T02:42:00,
2021-03-04T02:47:00,
2021-03-04T02:52:00,
2021-03-04T02:57:01,
2021-03-04T03:02:00,
2021-03-04T03:07:00,
2021-03-04T03:12:01,
2021-03-04T03:17:00,
2021-03-04T03:22:00,
2021-03-04T03:27:00,
2021-03-04T03:32:00,
2021-03-04T03:37:00,
2021-03-04T03:42:01,
2021-03-04T03:47:00,
2021-03-04T03:52:00,
2021-03-04T03:57:00,
2021-03-04T04:02:01,
2021-03-04T04:07:02,
2021-03-04T04:12:01,
2021-03-04T04:17:01,
2021-03-04T04:22:02,
2021-03-04T04:27:02,
2021-03-04T04:32:01,
2021-03-04T04:37:01,
2021-03-04T04:42:01,
2021-03-04T04:47:02,
2021-03-04T04:52:01,
2021-03-04T04:57:01,
2021-03-04T05:02:01,
2021-03-04T05:07:02,
2021-03-04T05:12:01,
2021-03-04T05:17:01,
2021-03-04T05:22:01,
2021-03-04T05:27:01,
2021-03-04T05:32:01,
2021-03-04T05:37:01,
2021-03-04T05:42:02,
2021-03-04T05:47:01,
2021-03-04T05:52:01,
2021-03-04T05:57:02,
2021-03-04T06:02:01,
2021-03-04T06:07:01,
2021-03-04T06:12:01,
2021-03-04T06:17:02,
2021-03-04T06:22:02,
2021-03-04T06:27:02,
2021-03-04T06:32:02,
2021-03-04T06:37:01,
2021-03-04T06:42:01,
2021-03-04T06:47:02,
2021-03-04T06:52:01,
2021-03-04T06:57:01,
2021-03-04T07:02:01,
2021-03-04T07:07:01,
2021-03-04T07:12:00,
2021-03-04T07:17:00,
2021-03-04T07:22:00,
2021-03-04T07:27:00,
2021-03-04T07:32:01,
2021-03-04T07:37:00,
2021-03-04T07:42:01,
2021-03-04T07:47:00,
2021-03-04T07:52:00,
2021-03-04T07:57:00,
2021-03-04T08:02:00,
2021-03-04T08:07:00,
2021-03-04T08:12:01,
2021-03-04T08:17:00,
2021-03-04T08:22:00,
2021-03-04T08:27:01,
2021-03-04T08:32:00,
2021-03-04T08:37:01,
2021-03-04T08:42:00,
2021-03-04T08:47:01,
2021-03-04T08:52:00,
2021-03-04T08:57:00,
2021-03-04T09:02:00,
2021-03-04T09:07:00,
2021-03-04T09:12:00,
2021-03-04T09:17:01,
2021-03-04T09:22:00,
2021-03-04T09:27:01,
2021-03-04T09:32:00,
2021-03-04T09:37:01,
2021-03-04T09:42:01,
2021-03-04T09:47:01,
2021-03-04T09:52:00,
2021-03-04T09:57:00,
2021-03-04T10:02:01,
2021-03-04T10:07:01,
2021-03-04T10:12:00,
2021-03-04T10:17:01,
2021-03-04T10:22:00,
2021-03-04T10:27:01,
2021-03-04T10:32:00,
2021-03-04T10:37:01,
2021-03-04T10:42:00,
2021-03-04T10:47:01,
2021-03-04T10:52:01,
2021-03-04T10:57:01,
2021-03-04T11:02:01,
2021-03-04T11:07:01,
2021-03-04T11:12:00,
2021-03-04T11:17:01,
2021-03-04T11:22:01,
2021-03-04T11:27:01,
2021-03-04T11:32:01,
2021-03-04T11:37:00,
2021-03-04T11:42:00,
2021-03-04T11:47:01,
2021-03-04T11:52:01,
2021-03-04T11:57:01,
2021-03-04T12:02:01,
2021-03-04T12:07:00,
2021-03-04T12:12:01,
2021-03-04T12:17:00,
2021-03-04T12:22:00,
2021-03-04T12:27:01,
2021-03-04T12:32:01,
2021-03-04T12:37:01,
2021-03-04T12:42:01,
2021-03-04T12:47:01,
2021-03-04T12:52:01,
2021-03-04T12:57:01,
2021-03-04T13:02:01,
2021-03-04T13:07:01,
2021-03-04T13:12:01,
2021-03-04T13:17:01,
2021-03-04T13:22:01,
2021-03-04T13:27:01,
2021-03-04T13:32:00,
2021-03-04T13:37:00,
2021-03-04T13:42:00,
2021-03-04T13:47:01,
2021-03-04T13:52:01,
2021-03-04T13:57:01,
2021-03-04T14:02:01,
2021-03-04T14:07:00,
2021-03-04T14:12:00,
2021-03-04T14:17:02,
2021-03-04T14:22:02,
2021-03-04T14:27:02,
2021-03-04T14:32:02,
2021-03-04T14:37:02,
2021-03-04T14:42:01,
2021-03-04T14:47:02,
2021-03-04T14:52:02,
2021-03-04T14:57:02,
2021-03-04T15:02:02,
2021-03-04T15:07:02,
2021-03-04T15:12:02,
2021-03-04T15:17:01,
2021-03-04T15:22:02,
2021-03-04T15:27:02,
2021-03-04T15:32:02,
2021-03-04T15:37:02,
2021-03-04T15:42:02,
2021-03-04T15:47:02,
2021-03-04T15:52:02,
2021-03-04T15:57:02,
2021-03-04T16:02:02,
2021-03-04T16:07:01,
2021-03-04T16:12:02,
2021-03-04T16:17:02,
2021-03-04T16:22:02,
2021-03-04T16:27:02,
2021-03-04T16:32:02,
2021-03-04T16:37:02,
2021-03-04T16:42:02,
2021-03-04T16:47:02,
2021-03-04T16:52:02,
2021-03-04T16:57:02,
2021-03-04T17:02:02,
2021-03-04T17:07:02,
2021-03-04T17:12:02,
2021-03-04T17:17:02,
2021-03-04T17:22:02,
2021-03-04T17:27:02,
2021-03-04T17:32:02,
2021-03-04T17:37:02,
2021-03-04T17:42:02,
2021-03-04T17:47:02,
2021-03-04T17:52:02,
2021-03-04T17:57:02,
2021-03-04T18:02:02,
2021-03-04T18:07:02,
2021-03-04T18:12:02,
2021-03-04T18:17:02,
2021-03-04T18:22:02,
2021-03-04T18:27:02,
2021-03-04T18:32:02,
2021-03-04T18:37:02,
2021-03-04T18:42:02,
2021-03-04T18:47:02,
2021-03-04T18:52:02,
2021-03-04T18:57:02,
2021-03-04T19:02:02,
2021-03-04T19:07:02,
2021-03-04T19:12:02,
2021-03-04T19:17:02,
2021-03-04T19:22:03,
2021-03-04T19:27:02,
2021-03-04T19:32:02,
2021-03-04T19:37:03,
2021-03-04T19:42:03,
2021-03-04T19:47:02,
2021-03-04T19:52:02,
2021-03-04T19:57:02,
2021-03-04T20:02:02,
2021-03-04T20:07:01,
2021-03-04T20:12:01,
2021-03-04T20:17:02,
2021-03-04T20:22:01,
2021-03-04T20:27:01,
2021-03-04T20:32:01,
2021-03-04T20:37:01,
2021-03-04T20:42:02,
2021-03-04T20:47:01,
2021-03-04T20:52:02,
2021-03-04T20:57:02,
2021-03-04T21:02:01,
2021-03-04T21:07:01,
2021-03-04T21:12:01,
2021-03-04T21:17:01,
2021-03-04T21:22:01,
2021-03-04T21:27:01,
2021-03-04T21:32:01,
2021-03-04T21:37:01,
2021-03-04T21:42:01,
2021-03-04T21:47:01,
2021-03-04T21:52:02,
2021-03-04T21:57:02,
2021-03-04T22:02:01,
2021-03-04T22:07:01,
2021-03-04T22:07:54,
2021-03-04T22:12:01,
2021-03-04T22:12:12,
2021-03-04T22:17:01,
2021-03-04T22:22:02,
2021-03-04T22:27:01,
2021-03-04T22:32:01,
2021-03-04T22:37:01,
2021-03-04T22:42:01,
2021-03-04T22:47:01,
2021-03-04T22:52:01,
2021-03-04T22:57:02,
2021-03-04T23:02:01,
2021-03-04T23:07:02,
2021-03-04T23:12:02,
2021-03-04T23:17:02,
2021-03-04T23:22:03,
2021-03-04T23:27:02,
2021-03-04T23:32:02,
2021-03-04T23:37:03,
2021-03-04T23:42:02,
2021-03-04T23:47:02,
2021-03-04T23:52:02,
2021-03-04T23:57:02,
2021-03-05T00:02:02,
2021-03-05T00:07:03,
2021-03-05T00:12:02,
2021-03-05T00:17:02,
2021-03-05T00:22:02,
2021-03-05T00:27:02,
2021-03-05T00:32:02,
2021-03-05T00:37:03,
2021-03-05T00:42:02,
2021-03-05T00:47:02,
2021-03-05T00:52:03,
2021-03-05T00:57:02,
2021-03-05T01:02:02,
2021-03-05T01:07:02,
2021-03-05T01:12:03,
2021-03-05T01:17:03,
2021-03-05T01:22:02,
2021-03-05T01:27:03,
2021-03-05T01:32:02,
2021-03-05T01:37:03,
2021-03-05T01:42:02,
2021-03-05T01:47:02,
2021-03-05T01:52:03,
2021-03-05T01:57:03,
2021-03-05T02:02:03,
2021-03-05T02:07:03,
2021-03-05T02:12:02,
2021-03-05T02:17:02,
2021-03-05T02:22:02,
2021-03-05T02:27:03,
2021-03-05T02:32:02,
2021-03-05T02:37:02,
2021-03-05T02:42:02,
2021-03-05T02:47:03,
2021-03-05T02:52:03,
2021-03-05T02:57:03,
2021-03-05T03:02:02,
2021-03-05T03:07:03,
2021-03-05T03:12:03,
2021-03-05T03:17:03,
2021-03-05T03:22:03,
2021-03-05T03:27:02,
2021-03-05T03:32:02,
2021-03-05T03:37:02,
2021-03-05T03:42:02,
2021-03-05T03:47:01,
2021-03-05T03:52:02,
2021-03-05T03:57:01,
2021-03-05T04:02:01,
2021-03-05T04:07:02,
2021-03-05T04:12:02,
2021-03-05T04:17:02,
2021-03-05T04:22:02,
2021-03-05T04:27:02,
2021-03-05T04:32:02,
2021-03-05T04:37:02,
2021-03-05T04:42:01,
2021-03-05T04:47:02,
2021-03-05T04:52:02,
2021-03-05T04:57:01,
2021-03-05T05:02:01,
2021-03-05T05:07:02,
2021-03-05T05:12:01,
2021-03-05T05:17:02,
2021-03-05T05:22:02,
2021-03-05T05:27:02,
2021-03-05T05:32:02,
2021-03-05T05:37:02,
2021-03-05T05:42:02,
2021-03-05T05:47:02,
2021-03-05T05:52:02,
2021-03-05T05:57:02,
2021-03-05T06:02:01,
2021-03-05T06:07:02,
2021-03-05T06:12:02,
2021-03-05T06:17:02,
2021-03-05T06:22:03,
2021-03-05T06:27:02,
2021-03-05T06:32:03,
2021-03-05T06:37:03,
2021-03-05T06:42:03,
2021-03-05T06:47:03,
2021-03-05T06:52:03,
2021-03-05T06:57:02,
2021-03-05T07:02:03,
2021-03-05T07:07:03,
2021-03-05T07:12:03,
2021-03-05T07:17:03,
2021-03-05T07:22:03,
2021-03-05T07:27:03,
2021-03-05T07:32:03,
2021-03-05T07:37:03,
2021-03-05T07:42:03,
2021-03-05T07:47:03,
2021-03-05T07:52:03,
2021-03-05T07:57:03,
2021-03-05T08:02:03,
2021-03-05T08:07:03,
2021-03-05T08:12:03,
2021-03-05T08:17:03,
2021-03-05T08:22:03,
2021-03-05T08:27:03,
2021-03-05T08:32:03,
2021-03-05T08:37:03,
2021-03-05T08:42:03,
2021-03-05T08:47:03,
2021-03-05T08:52:03,
2021-03-05T08:57:03,
2021-03-05T09:02:03,
2021-03-05T09:07:03,
2021-03-05T09:12:03,
2021-03-05T09:17:03,
2021-03-05T09:22:03,
2021-03-05T09:27:03,
2021-03-05T09:32:03,
2021-03-05T09:37:03,
2021-03-05T09:42:03,
2021-03-05T09:47:03,
2021-03-05T09:52:03,
2021-03-05T09:57:03,
2021-03-05T10:02:03,
2021-03-05T10:07:03,
2021-03-05T10:12:03,
2021-03-05T10:17:03,
2021-03-05T10:22:03,
2021-03-05T10:27:03,
2021-03-05T10:32:03,
2021-03-05T10:37:03,
2021-03-05T10:42:03,
2021-03-05T10:47:03,
2021-03-05T10:52:03,
2021-03-05T10:57:04,
2021-03-05T11:02:04,
2021-03-05T11:07:03,
2021-03-05T11:12:03,
2021-03-05T11:17:03,
2021-03-05T11:22:03,
2021-03-05T11:27:03,
2021-03-05T11:32:03,
2021-03-05T11:37:03,
2021-03-05T11:42:04,
2021-03-05T11:47:03,
2021-03-05T11:52:03,
2021-03-05T11:57:03,
2021-03-05T12:02:03,
2021-03-05T12:07:03,
2021-03-05T12:12:03,
2021-03-05T12:17:03,
2021-03-05T12:22:03,
2021-03-05T12:27:03,
2021-03-05T12:32:03,
2021-03-05T12:37:03,
2021-03-05T12:42:03,
2021-03-05T12:47:03,
2021-03-05T12:52:03,
2021-03-05T12:57:03,
2021-03-05T13:02:03,
2021-03-05T13:07:03,
2021-03-05T13:12:03,
2021-03-05T13:17:03,
2021-03-05T13:22:03,
2021-03-05T13:27:04,
2021-03-05T13:32:03,
2021-03-05T13:37:03,
2021-03-05T13:42:03,
2021-03-05T13:47:03,
2021-03-05T13:52:02,
2021-03-05T13:57:02,
2021-03-05T14:02:03,
2021-03-05T14:07:02,
2021-03-05T14:12:02,
2021-03-05T14:17:02,
2021-03-05T14:22:03,
2021-03-05T14:27:02,
2021-03-05T14:32:02,
2021-03-05T14:37:02,
2021-03-05T14:42:02,
2021-03-05T14:47:03,
2021-03-05T14:52:03,
2021-03-05T14:57:03,
2021-03-05T15:02:04,
2021-03-05T15:07:03,
2021-03-05T15:12:03,
2021-03-05T15:17:03,
2021-03-05T15:22:03,
2021-03-05T15:27:04,
2021-03-05T15:32:04,
2021-03-05T15:37:04,
2021-03-05T15:42:04,
2021-03-05T15:47:03,
2021-03-05T15:52:04,
2021-03-05T15:57:04,
2021-03-05T16:02:04,
2021-03-05T16:07:03,
2021-03-05T16:12:03,
2021-03-05T16:17:03,
2021-03-05T16:22:04,
2021-03-05T16:27:04,
2021-03-05T16:32:04,
2021-03-05T16:37:04,
2021-03-05T16:42:03,
2021-03-05T16:47:03,
2021-03-05T16:52:04,
2021-03-05T16:57:04,
2021-03-05T17:02:04,
2021-03-05T17:07:04,
2021-03-05T17:12:04,
2021-03-05T17:17:03,
2021-03-05T17:22:04,
2021-03-05T17:27:04,
2021-03-05T17:32:03,
2021-03-05T17:37:04,
2021-03-05T17:42:04,
2021-03-05T17:47:04,
2021-03-05T17:52:03,
2021-03-05T17:57:03,
2021-03-05T18:02:04,
2021-03-05T18:07:04,
2021-03-05T18:12:04,
2021-03-05T18:17:03,
2021-03-05T18:22:04,
2021-03-05T18:27:03,
2021-03-05T18:32:03,
2021-03-05T18:37:04,
2021-03-05T18:42:03,
2021-03-05T18:47:03,
2021-03-05T18:52:03,
2021-03-05T18:57:03,
2021-03-05T19:02:03,
2021-03-05T19:07:03,
2021-03-05T19:12:04,
2021-03-05T19:17:03,
2021-03-05T19:22:04,
2021-03-05T19:27:04,
2021-03-05T19:32:03,
2021-03-05T19:37:03,
2021-03-05T19:42:03,
2021-03-05T19:47:02,
2021-03-05T19:52:03,
2021-03-05T19:57:03,
2021-03-05T20:02:02,
2021-03-05T20:07:02,
2021-03-05T20:12:03,
2021-03-05T20:17:03,
2021-03-05T20:22:03,
2021-03-05T20:27:02,
2021-03-05T20:32:03,
2021-03-05T20:37:02,
2021-03-05T20:42:03,
2021-03-05T20:47:03,
2021-03-05T20:52:02,
2021-03-05T20:57:03,
2021-03-05T21:02:02,
2021-03-05T21:07:02,
2021-03-05T21:12:02,
2021-03-05T21:17:03,
2021-03-05T21:22:02,
2021-03-05T21:27:03,
2021-03-05T21:32:03,
2021-03-05T21:37:03,
2021-03-05T21:42:03,
2021-03-05T21:47:02,
2021-03-05T21:52:03,
2021-03-05T21:57:02,
2021-03-05T22:02:02,
2021-03-05T22:07:03,
2021-03-05T22:12:04,
2021-03-05T22:17:03,
2021-03-05T22:22:04,
2021-03-05T22:27:03,
2021-03-05T22:29:21,
2021-03-05T22:32:04,
2021-03-05T22:32:16,
2021-03-05T22:37:04,
2021-03-05T22:42:04,
2021-03-05T22:47:04,
2021-03-05T22:52:04,
2021-03-05T22:57:04,
2021-03-05T23:02:04,
2021-03-05T23:07:04,
2021-03-05T23:12:03,
2021-03-05T23:17:03,
2021-03-05T23:22:04,
2021-03-05T23:27:04,
2021-03-05T23:32:04,
2021-03-05T23:37:03,
2021-03-05T23:42:04,
2021-03-05T23:47:04,
2021-03-05T23:52:03,
2021-03-05T23:57:03,
2021-03-06T00:02:02,
2021-03-06T00:07:02,
2021-03-06T00:12:02,
2021-03-06T00:17:03,
2021-03-06T00:22:04,
2021-03-06T00:27:04,
2021-03-06T00:32:04,
2021-03-06T00:37:03,
2021-03-06T00:42:04,
2021-03-06T00:47:04,
2021-03-06T00:52:04,
2021-03-06T00:57:04,
2021-03-06T01:02:04,
2021-03-06T01:07:04,
2021-03-06T01:12:04,
2021-03-06T01:17:04,
2021-03-06T01:22:04,
2021-03-06T01:27:04,
2021-03-06T01:32:04,
2021-03-06T01:37:04,
2021-03-06T01:42:04,
2021-03-06T01:47:04,
2021-03-06T01:52:04,
2021-03-06T01:57:04,
2021-03-06T02:02:04,
2021-03-06T02:07:04,
2021-03-06T02:12:04,
2021-03-06T02:17:04,
2021-03-06T02:22:04,
2021-03-06T02:27:04,
2021-03-06T02:32:04,
2021-03-06T02:37:04,
2021-03-06T02:42:04,
2021-03-06T02:47:04,
2021-03-06T02:52:04,
2021-03-06T02:57:04,
2021-03-06T03:02:04,
2021-03-06T03:07:04,
2021-03-06T03:12:04,
2021-03-06T03:17:05,
2021-03-06T03:22:04,
2021-03-06T03:27:04,
2021-03-06T03:32:04,
2021-03-06T03:37:04,
2021-03-06T03:42:04,
2021-03-06T03:47:04,
2021-03-06T03:52:05,
2021-03-06T03:57:04,
2021-03-06T04:02:04,
2021-03-06T04:07:04,
2021-03-06T04:12:04,
2021-03-06T04:17:04,
2021-03-06T04:22:04,
2021-03-06T04:27:03,
2021-03-06T04:32:03,
2021-03-06T04:37:03,
2021-03-06T04:42:03,
2021-03-06T04:47:03,
2021-03-06T04:52:03,
2021-03-06T04:57:04,
2021-03-06T05:02:03,
2021-03-06T05:07:03,
2021-03-06T05:12:03,
2021-03-06T05:17:03,
2021-03-06T05:22:03,
2021-03-06T05:27:03,
2021-03-06T05:32:03,
2021-03-06T05:37:03,
2021-03-06T05:42:04,
2021-03-06T05:47:03,
2021-03-06T05:52:04,
2021-03-06T05:57:04,
2021-03-06T06:02:03,
2021-03-06T06:07:03,
2021-03-06T06:12:04,
2021-03-06T06:17:04,
2021-03-06T06:22:05,
2021-03-06T06:27:04,
2021-03-06T06:32:04,
2021-03-06T06:37:04,
2021-03-06T06:42:05,
2021-03-06T06:47:05,
2021-03-06T06:52:04,
2021-03-06T06:57:04,
2021-03-06T07:02:05,
2021-03-06T07:07:04,
2021-03-06T07:12:05,
2021-03-06T07:17:04,
2021-03-06T07:22:05,
2021-03-06T07:27:05,
2021-03-06T07:32:04,
2021-03-06T07:37:05,
2021-03-06T07:42:05,
2021-03-06T07:47:04,
2021-03-06T07:52:04,
2021-03-06T07:57:05,
2021-03-06T08:02:05,
2021-03-06T08:07:04,
2021-03-06T08:12:04,
2021-03-06T08:17:04,
2021-03-06T08:22:05,
2021-03-06T08:27:04,
2021-03-06T08:32:05,
2021-03-06T08:37:04,
2021-03-06T08:42:05,
2021-03-06T08:47:04,
2021-03-06T08:52:04,
2021-03-06T08:57:04,
2021-03-06T09:02:04,
2021-03-06T09:07:04,
2021-03-06T09:12:04,
2021-03-06T09:17:04,
2021-03-06T09:22:05,
2021-03-06T09:27:05,
2021-03-06T09:32:05,
2021-03-06T09:37:04,
2021-03-06T09:42:04,
2021-03-06T09:47:04,
2021-03-06T09:52:05,
2021-03-06T09:57:04,
2021-03-06T10:02:05,
2021-03-06T10:07:04,
2021-03-06T10:12:04,
2021-03-06T10:17:04,
2021-03-06T10:22:04,
2021-03-06T10:27:05,
2021-03-06T10:32:04,
2021-03-06T10:37:04,
2021-03-06T10:42:04,
2021-03-06T10:47:04,
2021-03-06T10:52:05,
2021-03-06T10:57:05,
2021-03-06T11:02:05,
2021-03-06T11:07:04,
2021-03-06T11:12:04,
2021-03-06T11:17:03,
2021-03-06T11:22:04,
2021-03-06T11:27:03,
2021-03-06T11:32:03,
2021-03-06T11:37:03,
2021-03-06T11:42:03,
2021-03-06T11:47:03,
2021-03-06T11:52:03,
2021-03-06T11:57:03,
2021-03-06T12:02:04,
2021-03-06T12:07:03,
2021-03-06T12:12:03,
2021-03-06T12:17:04,
2021-03-06T12:22:04,
2021-03-06T12:27:04,
2021-03-06T12:32:03,
2021-03-06T12:37:04,
2021-03-06T12:42:04,
2021-03-06T12:47:03,
2021-03-06T12:52:05,
2021-03-06T12:57:04,
2021-03-06T13:02:05,
2021-03-06T13:07:05,
2021-03-06T13:12:04,
2021-03-06T13:17:04,
2021-03-06T13:22:04,
2021-03-06T13:27:04,
2021-03-06T13:32:03,
2021-03-06T13:37:04,
2021-03-06T13:42:03,
2021-03-06T13:47:04,
2021-03-06T13:52:04,
2021-03-06T13:57:04,
2021-03-06T14:02:04,
2021-03-06T14:07:03,
2021-03-06T14:12:04,
2021-03-06T14:17:04,
2021-03-06T14:22:03,
2021-03-06T14:27:03,
2021-03-06T14:32:04,
2021-03-06T14:37:04,
2021-03-06T14:42:04,
2021-03-06T14:47:04,
2021-03-06T14:52:04,
2021-03-06T14:57:04,
2021-03-06T15:02:04,
2021-03-06T15:07:04,
2021-03-06T15:12:04,
2021-03-06T15:17:04,
2021-03-06T15:22:04,
2021-03-06T15:27:04,
2021-03-06T15:32:04,
2021-03-06T15:37:04,
2021-03-06T15:42:04,
2021-03-06T15:47:04,
2021-03-06T15:52:04,
2021-03-06T15:57:04,
2021-03-06T16:02:04,
2021-03-06T16:07:04,
2021-03-06T16:12:04,
2021-03-06T16:17:04,
2021-03-06T16:22:04,
2021-03-06T16:27:03,
2021-03-06T16:32:03,
2021-03-06T16:37:03,
2021-03-06T16:42:04,
2021-03-06T16:47:04,
2021-03-06T16:52:03,
2021-03-06T16:57:04,
2021-03-06T17:02:04,
2021-03-06T17:07:04,
2021-03-06T17:12:04,
2021-03-06T17:17:03,
2021-03-06T17:22:03,
2021-03-06T17:27:04,
2021-03-06T17:32:04,
2021-03-06T17:37:04,
2021-03-06T17:42:04,
2021-03-06T17:47:04,
2021-03-06T17:52:04,
2021-03-06T17:57:04,
2021-03-06T18:02:04,
2021-03-06T18:07:04,
2021-03-06T18:12:04,
2021-03-06T18:17:04,
2021-03-06T18:22:04,
2021-03-06T18:27:04,
2021-03-06T18:32:05,
2021-03-06T18:37:04,
2021-03-06T18:42:05,
2021-03-06T18:47:05,
2021-03-06T18:52:05,
2021-03-06T18:57:05,
2021-03-06T19:02:05,
2021-03-06T19:07:05,
2021-03-06T19:12:05,
2021-03-06T19:17:05,
2021-03-06T19:22:05,
2021-03-06T19:27:05,
2021-03-06T19:32:05,
2021-03-06T19:37:05,
2021-03-06T19:42:05,
2021-03-06T19:47:05,
2021-03-06T19:52:06,
2021-03-06T19:57:05,
2021-03-06T20:02:05,
2021-03-06T20:07:05,
2021-03-06T20:12:05,
2021-03-06T20:17:05,
2021-03-06T20:22:05,
2021-03-06T20:27:05,
2021-03-06T20:32:05,
2021-03-06T20:37:04,
2021-03-06T20:42:04,
2021-03-06T20:47:04,
2021-03-06T20:52:05,
2021-03-06T20:57:04,
2021-03-06T21:02:04,
2021-03-06T21:07:05,
2021-03-06T21:12:04,
2021-03-06T21:17:04,
2021-03-06T21:22:04,
2021-03-06T21:27:04,
2021-03-06T21:32:04,
2021-03-06T21:37:04,
2021-03-06T21:42:04,
2021-03-06T21:47:04,
2021-03-06T21:52:04,
2021-03-06T21:57:04,
2021-03-06T22:02:04,
2021-03-06T22:07:04,
2021-03-06T22:12:04,
2021-03-06T22:17:04,
2021-03-06T22:22:04,
2021-03-06T22:27:04,
2021-03-06T22:32:05,
2021-03-06T22:37:05,
2021-03-06T22:42:05,
2021-03-06T22:47:04,
2021-03-06T22:52:04,
2021-03-06T22:57:04,
2021-03-06T23:02:04,
2021-03-06T23:07:04,
2021-03-06T23:12:04,
2021-03-06T23:17:04,
2021-03-06T23:22:04,
2021-03-06T23:23:43,
2021-03-06T23:27:04,
2021-03-06T23:27:16,
2021-03-06T23:32:04,
2021-03-06T23:37:04,
2021-03-06T23:42:04,
2021-03-06T23:47:05,
2021-03-06T23:52:04,
2021-03-06T23:57:05,
2021-03-07T00:02:05,
2021-03-07T00:07:05,
2021-03-07T00:12:06,
2021-03-07T00:17:05,
2021-03-07T00:22:05,
2021-03-07T00:27:06,
2021-03-07T00:32:05,
2021-03-07T00:37:05,
2021-03-07T00:42:06,
2021-03-07T00:47:05,
2021-03-07T00:52:06,
2021-03-07T00:57:05,
2021-03-07T01:02:05,
2021-03-07T01:07:05,
2021-03-07T01:12:05,
2021-03-07T01:17:06,
2021-03-07T01:22:06,
2021-03-07T01:27:06,
2021-03-07T01:32:05,
2021-03-07T01:37:05,
2021-03-07T01:42:05,
2021-03-07T01:47:05,
2021-03-07T01:52:05,
2021-03-07T01:57:06,
2021-03-07T02:02:06,
2021-03-07T02:07:06,
2021-03-07T02:12:06,
2021-03-07T02:17:05,
2021-03-07T02:22:06,
2021-03-07T02:27:05,
2021-03-07T02:32:06,
2021-03-07T02:37:05,
2021-03-07T02:42:05,
2021-03-07T02:47:05,
2021-03-07T02:52:05,
2021-03-07T02:57:05,
2021-03-07T03:02:05,
2021-03-07T03:07:06,
2021-03-07T03:12:06,
2021-03-07T03:17:05,
2021-03-07T03:22:06,
2021-03-07T03:27:05,
2021-03-07T03:32:05,
2021-03-07T03:37:05,
2021-03-07T03:42:06,
2021-03-07T03:47:06,
2021-03-07T03:52:06,
2021-03-07T03:57:05,
2021-03-07T04:02:05,
2021-03-07T04:07:05,
2021-03-07T04:12:06,
2021-03-07T04:17:06,
2021-03-07T04:22:05,
2021-03-07T04:27:06,
2021-03-07T04:32:05,
2021-03-07T04:37:05,
2021-03-07T04:42:05,
2021-03-07T04:47:06,
2021-03-07T04:52:06,
2021-03-07T04:57:05,
2021-03-07T05:02:05,
2021-03-07T05:07:06,
2021-03-07T05:12:06,
2021-03-07T05:17:05,
2021-03-07T05:22:05,
2021-03-07T05:27:05,
2021-03-07T05:32:06,
2021-03-07T05:37:06,
2021-03-07T05:42:06,
2021-03-07T05:47:06,
2021-03-07T05:52:05,
2021-03-07T05:57:05,
2021-03-07T06:02:06,
2021-03-07T06:07:05,
2021-03-07T06:12:06,
2021-03-07T06:17:06,
2021-03-07T06:22:05,
2021-03-07T06:27:06,
2021-03-07T06:32:05,
2021-03-07T06:37:05,
2021-03-07T06:42:06,
2021-03-07T06:47:06,
2021-03-07T06:52:05,
2021-03-07T06:57:06,
2021-03-07T07:02:06,
2021-03-07T07:07:06,
2021-03-07T07:12:06,
2021-03-07T07:17:06,
2021-03-07T07:22:05,
2021-03-07T07:27:06,
2021-03-07T07:32:06,
2021-03-07T07:37:06,
2021-03-07T07:42:06,
2021-03-07T07:47:06,
2021-03-07T07:52:06,
2021-03-07T07:57:05,
2021-03-07T08:02:06,
2021-03-07T08:07:06,
2021-03-07T08:12:06,
2021-03-07T08:17:06,
2021-03-07T08:22:06,
2021-03-07T08:27:06,
2021-03-07T08:32:06,
2021-03-07T08:37:05,
2021-03-07T08:42:06,
2021-03-07T08:47:06,
2021-03-07T08:52:06,
2021-03-07T08:57:06,
2021-03-07T09:02:06,
2021-03-07T09:07:06,
2021-03-07T09:12:06,
2021-03-07T09:17:06,
2021-03-07T09:22:06,
2021-03-07T09:27:06,
2021-03-07T09:32:06,
2021-03-07T09:37:06,
2021-03-07T09:42:06,
2021-03-07T09:47:06,
2021-03-07T09:52:06,
2021-03-07T09:57:06,
2021-03-07T10:02:06,
2021-03-07T10:07:06,
2021-03-07T10:12:06,
2021-03-07T10:17:06,
2021-03-07T10:22:06,
2021-03-07T10:27:06,
2021-03-07T10:32:06,
2021-03-07T10:37:06,
2021-03-07T10:42:06,
2021-03-07T10:47:06,
2021-03-07T10:52:06,
2021-03-07T10:57:06,
2021-03-07T11:02:06,
2021-03-07T11:07:06,
2021-03-07T11:12:06,
2021-03-07T11:17:06,
2021-03-07T11:22:06,
2021-03-07T11:27:06,
2021-03-07T11:32:06,
2021-03-07T11:37:06,
2021-03-07T11:42:06,
2021-03-07T11:47:06,
2021-03-07T11:52:06,
2021-03-07T11:57:07,
2021-03-07T12:02:06,
2021-03-07T12:07:06,
2021-03-07T12:12:06,
2021-03-07T12:17:06,
2021-03-07T12:22:06,
2021-03-07T12:27:06,
2021-03-07T12:32:06,
2021-03-07T12:37:06,
2021-03-07T12:42:06,
2021-03-07T12:47:06,
2021-03-07T12:52:06,
2021-03-07T12:57:06,
2021-03-07T13:02:06,
2021-03-07T13:07:07,
2021-03-07T13:12:06,
2021-03-07T13:17:06,
2021-03-07T13:22:06,
2021-03-07T13:27:06,
2021-03-07T13:32:06,
2021-03-07T13:37:06,
2021-03-07T13:42:06,
2021-03-07T13:47:07,
2021-03-07T13:52:06,
2021-03-07T13:57:06,
2021-03-07T14:02:07,
2021-03-07T14:07:05,
2021-03-07T14:12:06,
2021-03-07T14:17:05,
2021-03-07T14:22:05,
2021-03-07T14:27:05,
2021-03-07T14:32:06,
2021-03-07T14:37:05,
2021-03-07T14:42:05,
2021-03-07T14:47:05,
2021-03-07T14:52:06,
2021-03-07T14:57:05,
2021-03-07T15:02:05,
2021-03-07T15:07:05,
2021-03-07T15:12:05,
2021-03-07T15:17:05,
2021-03-07T15:22:06,
2021-03-07T15:27:05,
2021-03-07T15:32:05,
2021-03-07T15:37:06,
2021-03-07T15:42:05,
2021-03-07T15:47:05,
2021-03-07T15:52:05,
2021-03-07T15:57:05,
2021-03-07T16:02:05,
2021-03-07T16:07:05,
2021-03-07T16:12:05,
2021-03-07T16:17:05,
2021-03-07T16:22:05,
2021-03-07T16:27:05,
2021-03-07T16:32:06,
2021-03-07T16:37:05,
2021-03-07T16:42:05,
2021-03-07T16:47:05,
2021-03-07T16:52:07,
2021-03-07T16:57:07,
2021-03-07T17:02:06,
2021-03-07T17:07:06,
2021-03-07T17:12:07,
2021-03-07T17:17:06,
2021-03-07T17:22:06,
2021-03-07T17:27:06,
2021-03-07T17:32:07,
2021-03-07T17:37:06,
2021-03-07T17:42:06,
2021-03-07T17:47:07,
2021-03-07T17:52:07,
2021-03-07T17:57:07,
2021-03-07T18:02:06,
2021-03-07T18:07:07,
2021-03-07T18:12:07,
2021-03-07T18:17:06,
2021-03-07T18:22:06,
2021-03-07T18:27:06,
2021-03-07T18:32:06,
2021-03-07T18:37:07,
2021-03-07T18:42:06,
2021-03-07T18:47:06,
2021-03-07T18:52:07,
2021-03-07T18:57:07,
2021-03-07T19:02:06,
2021-03-07T19:07:06,
2021-03-07T19:12:07,
2021-03-07T19:17:06,
2021-03-07T19:22:07,
2021-03-07T19:27:07,
2021-03-07T19:32:06,
2021-03-07T19:37:07,
2021-03-07T19:42:07,
2021-03-07T19:47:07,
2021-03-07T19:52:07,
2021-03-07T19:57:07,
2021-03-07T20:02:07,
2021-03-07T20:07:07,
2021-03-07T20:12:06,
2021-03-07T20:17:06,
2021-03-07T20:22:07,
2021-03-07T20:27:06,
2021-03-07T20:32:07,
2021-03-07T20:37:07,
2021-03-07T20:42:06,
2021-03-07T20:47:06,
2021-03-07T20:52:07,
2021-03-07T20:57:06,
2021-03-07T21:02:07,
2021-03-07T21:07:06,
2021-03-07T21:12:07,
2021-03-07T21:17:06,
2021-03-07T21:22:07,
2021-03-07T21:27:06,
2021-03-07T21:32:06,
2021-03-07T21:37:07,
2021-03-07T21:42:07,
2021-03-07T21:47:07,
2021-03-07T21:52:06,
2021-03-07T21:57:07,
2021-03-07T22:02:06,
2021-03-07T22:07:07,
2021-03-07T22:12:06,
2021-03-07T22:17:07,
2021-03-07T22:22:06,
2021-03-07T22:27:07,
2021-03-07T22:32:06,
2021-03-07T22:37:07,
2021-03-07T22:42:07,
2021-03-07T22:47:07,
2021-03-07T22:52:07,
2021-03-07T22:57:06,
2021-03-07T23:02:06,
2021-03-07T23:07:06,
2021-03-07T23:12:06,
2021-03-07T23:17:05,
2021-03-07T23:22:06,
2021-03-07T23:27:06,
2021-03-07T23:32:05,
2021-03-07T23:37:05,
2021-03-07T23:42:05,
2021-03-07T23:47:05,
2021-03-07T23:52:06,
2021-03-07T23:57:05,
2021-03-08T00:00:06,
2021-03-08T00:02:05,
2021-03-08T00:02:19,
2021-03-08T00:07:05,
2021-03-08T00:12:06,
2021-03-08T00:17:06,
2021-03-08T00:22:06,
2021-03-08T00:27:06,
2021-03-08T00:32:06,
2021-03-08T00:37:05,
2021-03-08T00:42:06,
2021-03-08T00:47:06,
2021-03-08T00:52:06,
2021-03-08T00:57:06,
2021-03-08T01:02:06,
2021-03-08T01:07:06,
2021-03-08T01:12:06,
2021-03-08T01:17:06,
2021-03-08T01:22:06,
2021-03-08T01:27:06,
2021-03-08T01:32:06,
2021-03-08T01:37:06,
2021-03-08T01:42:06,
2021-03-08T01:47:06,
2021-03-08T01:52:06,
2021-03-08T01:57:06,
2021-03-08T02:02:06,
2021-03-08T02:07:06,
2021-03-08T02:12:06,
2021-03-08T02:17:06,
2021-03-08T02:22:06,
2021-03-08T02:27:06,
2021-03-08T02:32:06,
2021-03-08T02:37:06,
2021-03-08T02:42:07,
2021-03-08T02:47:06,
2021-03-08T02:52:07,
2021-03-08T02:57:07,
2021-03-08T03:02:07,
2021-03-08T03:07:07,
2021-03-08T03:12:07,
2021-03-08T03:17:07,
2021-03-08T03:22:07,
2021-03-08T03:27:07,
2021-03-08T03:32:07,
2021-03-08T03:37:07,
2021-03-08T03:42:07,
2021-03-08T03:47:07,
2021-03-08T03:52:07,
2021-03-08T03:57:07,
2021-03-08T04:02:07,
2021-03-08T04:07:07,
2021-03-08T04:12:07,
2021-03-08T04:17:07,
2021-03-08T04:22:07,
2021-03-08T04:27:07,
2021-03-08T04:32:07,
2021-03-08T04:37:07,
2021-03-08T04:42:07,
2021-03-08T04:47:07,
2021-03-08T04:52:08,
2021-03-08T04:57:07,
2021-03-08T05:02:07,
2021-03-08T05:07:07,
2021-03-08T05:12:07,
2021-03-08T05:17:07,
2021-03-08T05:22:07,
2021-03-08T05:27:07,
2021-03-08T05:32:07,
2021-03-08T05:37:07,
2021-03-08T05:42:07,
2021-03-08T05:47:07,
2021-03-08T05:52:07,
2021-03-08T05:57:07,
2021-03-08T06:02:07,
2021-03-08T06:07:07,
2021-03-08T06:12:08,
2021-03-08T06:17:07,
2021-03-08T06:22:07,
2021-03-08T06:27:08,
2021-03-08T06:32:07,
2021-03-08T06:37:07,
2021-03-08T06:42:07,
2021-03-08T06:47:08,
2021-03-08T06:52:07,
2021-03-08T06:57:07,
2021-03-08T07:02:07,
2021-03-08T07:07:07,
2021-03-08T07:12:08,
2021-03-08T07:17:07,
2021-03-08T07:22:08,
2021-03-08T07:27:07,
2021-03-08T07:32:07,
2021-03-08T07:37:07,
2021-03-08T07:42:07,
2021-03-08T07:47:07,
2021-03-08T07:52:07,
2021-03-08T07:57:07,
2021-03-08T08:02:07,
2021-03-08T08:07:07,
2021-03-08T08:12:08,
2021-03-08T08:17:07,
2021-03-08T08:22:07,
2021-03-08T08:27:08,
2021-03-08T08:32:08,
2021-03-08T08:37:08,
2021-03-08T08:42:07,
2021-03-08T08:47:08,
2021-03-08T08:52:08,
2021-03-08T08:57:08,
2021-03-08T09:02:08,
2021-03-08T09:07:07,
2021-03-08T09:12:08,
2021-03-08T09:17:07,
2021-03-08T09:22:07,
2021-03-08T09:27:08,
2021-03-08T09:32:07,
2021-03-08T09:37:08,
2021-03-08T09:42:07,
2021-03-08T09:47:07,
2021-03-08T09:52:07,
2021-03-08T09:57:07,
2021-03-08T10:02:07,
2021-03-08T10:07:08,
2021-03-08T10:12:07,
2021-03-08T10:17:08,
2021-03-08T10:22:08,
2021-03-08T10:27:07,
2021-03-08T10:32:07,
2021-03-08T10:37:08,
2021-03-08T10:42:08,
2021-03-08T10:47:07,
2021-03-08T10:52:08,
2021-03-08T10:57:08,
2021-03-08T11:02:08,
2021-03-08T11:07:07,
2021-03-08T11:12:07,
2021-03-08T11:17:07,
2021-03-08T11:22:07,
2021-03-08T11:27:08,
2021-03-08T11:32:07,
2021-03-08T11:37:08,
2021-03-08T11:42:07,
2021-03-08T11:47:07,
2021-03-08T11:52:08,
2021-03-08T11:57:07,
2021-03-08T12:02:07,
2021-03-08T12:07:08,
2021-03-08T12:12:07,
2021-03-08T12:17:08,
2021-03-08T12:22:08,
2021-03-08T12:27:07,
2021-03-08T12:32:08,
2021-03-08T12:37:08,
2021-03-08T12:42:07,
2021-03-08T12:47:08,
2021-03-08T12:52:08,
2021-03-08T12:57:08,
2021-03-08T13:02:07,
2021-03-08T13:07:08,
2021-03-08T13:12:08,
2021-03-08T13:17:08,
2021-03-08T13:22:08,
2021-03-08T13:27:08,
2021-03-08T13:32:08,
2021-03-08T13:37:08,
2021-03-08T13:42:07,
2021-03-08T13:47:08,
2021-03-08T13:52:08,
2021-03-08T13:57:08,
2021-03-08T14:02:07,
2021-03-08T14:07:07,
2021-03-08T14:12:06,
2021-03-08T14:17:06,
2021-03-08T14:22:07,
2021-03-08T14:27:06,
2021-03-08T14:32:07,
2021-03-08T14:37:07,
2021-03-08T14:42:07,
2021-03-08T14:47:07,
2021-03-08T14:52:07,
2021-03-08T14:57:07,
2021-03-08T15:02:07,
2021-03-08T15:07:07,
2021-03-08T15:12:07,
2021-03-08T15:17:07,
2021-03-08T15:22:06,
2021-03-08T15:27:07,
2021-03-08T15:32:07,
2021-03-08T15:37:07,
2021-03-08T15:42:06,
2021-03-08T15:47:07,
2021-03-08T15:52:07,
2021-03-08T15:57:06,
2021-03-08T16:02:07,
2021-03-08T16:07:07,
2021-03-08T16:12:07,
2021-03-08T16:17:07,
2021-03-08T16:22:07,
2021-03-08T16:27:06,
2021-03-08T16:32:07,
2021-03-08T16:37:07,
2021-03-08T16:42:07,
2021-03-08T16:47:07,
2021-03-08T16:52:07,
2021-03-08T16:57:07,
2021-03-08T17:02:08,
2021-03-08T17:07:08,
2021-03-08T17:12:08,
2021-03-08T17:17:07,
2021-03-08T17:22:07,
2021-03-08T17:27:08,
2021-03-08T17:32:08,
2021-03-08T17:37:08,
2021-03-08T17:42:08,
2021-03-08T17:47:08,
2021-03-08T17:52:08,
2021-03-08T17:57:07,
2021-03-08T18:02:08,
2021-03-08T18:07:08,
2021-03-08T18:12:08,
2021-03-08T18:17:07,
2021-03-08T18:22:08,
2021-03-08T18:27:08,
2021-03-08T18:32:08,
2021-03-08T18:37:08,
2021-03-08T18:42:08,
2021-03-08T18:47:08,
2021-03-08T18:52:08,
2021-03-08T18:57:08,
2021-03-08T19:02:08,
2021-03-08T19:07:08,
2021-03-08T19:12:08,
2021-03-08T19:17:08,
2021-03-08T19:22:08,
2021-03-08T19:27:09,
2021-03-08T19:32:08,
2021-03-08T19:37:08,
2021-03-08T19:42:08,
2021-03-08T19:47:08,
2021-03-08T19:52:08,
2021-03-08T19:57:08,
2021-03-08T20:02:08,
2021-03-08T20:07:08,
2021-03-08T20:12:08,
2021-03-08T20:17:09,
2021-03-08T20:22:08,
2021-03-08T20:27:08,
2021-03-08T20:32:08,
2021-03-08T20:37:08,
2021-03-08T20:42:08,
2021-03-08T20:47:08,
2021-03-08T20:52:08,
2021-03-08T20:57:08,
2021-03-08T21:02:09,
2021-03-08T21:07:08,
2021-03-08T21:12:08,
2021-03-08T21:17:08,
2021-03-08T21:22:08,
2021-03-08T21:27:08,
2021-03-08T21:32:08,
2021-03-08T21:37:08,
2021-03-08T21:42:08,
2021-03-08T21:47:08,
2021-03-08T21:52:08,
2021-03-08T21:57:08,
2021-03-08T22:02:08,
2021-03-08T22:07:08,
2021-03-08T22:12:08,
2021-03-08T22:17:08,
2021-03-08T22:22:08,
2021-03-08T22:27:08,
2021-03-08T22:32:09,
2021-03-08T22:37:08,
2021-03-08T22:42:08,
2021-03-08T22:47:08,
2021-03-08T22:52:08,
2021-03-08T22:57:08,
2021-03-08T23:02:08,
2021-03-08T23:07:08,
2021-03-08T23:12:08,
2021-03-08T23:17:08,
2021-03-08T23:22:08,
2021-03-08T23:27:09,
2021-03-08T23:32:08,
2021-03-08T23:37:08,
2021-03-08T23:42:09,
2021-03-08T23:47:08,
2021-03-08T23:52:08,
2021-03-08T23:57:08,
2021-03-09T00:02:08,
2021-03-09T00:07:09,
2021-03-09T00:12:08,
2021-03-09T00:17:08,
2021-03-09T00:22:08,
2021-03-09T00:27:08,
2021-03-09T00:32:08,
2021-03-09T00:37:08,
2021-03-09T00:42:09,
2021-03-09T00:47:09,
2021-03-09T00:52:08,
2021-03-09T00:54:45,
2021-03-09T00:57:08,
2021-03-09T00:57:20,
2021-03-09T01:02:08,
2021-03-09T01:07:08,
2021-03-09T01:12:09,
2021-03-09T01:17:08,
2021-03-09T01:22:08,
2021-03-09T01:27:09,
2021-03-09T01:32:08,
2021-03-09T01:37:08,
2021-03-09T01:42:08,
2021-03-09T01:47:09,
2021-03-09T01:52:08,
2021-03-09T01:57:08,
2021-03-09T02:02:08,
2021-03-09T02:07:09,
2021-03-09T02:12:09,
2021-03-09T02:17:08,
2021-03-09T02:22:09,
2021-03-09T02:27:09,
2021-03-09T02:32:08,
2021-03-09T02:37:08,
2021-03-09T02:42:09,
2021-03-09T02:47:08,
2021-03-09T02:52:08,
2021-03-09T02:57:09,
2021-03-09T03:02:09,
2021-03-09T03:07:09,
2021-03-09T03:12:08,
2021-03-09T03:17:09,
2021-03-09T03:22:08,
2021-03-09T03:27:08,
2021-03-09T03:32:08,
2021-03-09T03:37:09,
2021-03-09T03:42:08,
2021-03-09T03:47:09,
2021-03-09T03:52:08,
2021-03-09T03:57:09,
2021-03-09T04:02:09,
2021-03-09T04:07:09,
2021-03-09T04:12:09,
2021-03-09T04:17:08,
2021-03-09T04:22:08,
2021-03-09T04:27:09,
2021-03-09T04:32:08,
2021-03-09T04:37:08,
2021-03-09T04:42:09,
2021-03-09T04:47:08,
2021-03-09T04:52:07,
2021-03-09T04:57:07,
2021-03-09T05:02:07,
2021-03-09T05:07:07,
2021-03-09T05:12:07,
2021-03-09T05:17:07,
2021-03-09T05:22:07,
2021-03-09T05:27:07,
2021-03-09T05:32:08,
2021-03-09T05:37:07,
2021-03-09T05:42:08,
2021-03-09T05:47:07,
2021-03-09T05:52:08,
2021-03-09T05:57:08,
2021-03-09T06:02:07,
2021-03-09T06:07:08,
2021-03-09T06:12:08,
2021-03-09T06:17:08,
2021-03-09T06:22:08,
2021-03-09T06:27:07,
2021-03-09T06:32:08,
2021-03-09T06:37:08,
2021-03-09T06:42:08,
2021-03-09T06:47:08,
2021-03-09T06:52:08,
2021-03-09T06:57:08,
2021-03-09T07:02:08,
2021-03-09T07:07:07,
2021-03-09T07:12:08,
2021-03-09T07:17:08,
2021-03-09T07:22:08,
2021-03-09T07:27:07,
2021-03-09T07:32:07,
2021-03-09T07:37:07,
2021-03-09T07:42:08,
2021-03-09T07:47:07,
2021-03-09T07:52:08,
2021-03-09T07:57:09,
2021-03-09T08:02:09,
2021-03-09T08:07:09,
2021-03-09T08:12:09,
2021-03-09T08:17:08,
2021-03-09T08:22:08,
2021-03-09T08:27:08,
2021-03-09T08:32:09,
2021-03-09T08:37:09,
2021-03-09T08:42:09,
2021-03-09T08:47:09,
2021-03-09T08:52:09,
2021-03-09T08:57:08,
2021-03-09T09:02:09,
2021-03-09T09:07:09,
2021-03-09T09:12:09,
2021-03-09T09:17:09,
2021-03-09T09:22:08,
2021-03-09T09:27:08,
2021-03-09T09:32:07,
2021-03-09T09:37:07,
2021-03-09T09:42:07,
2021-03-09T09:47:08,
2021-03-09T09:52:08,
2021-03-09T09:57:08,
2021-03-09T10:02:07,
2021-03-09T10:07:08,
2021-03-09T10:12:08,
2021-03-09T10:17:08,
2021-03-09T10:22:08,
2021-03-09T10:27:08,
2021-03-09T10:32:08,
2021-03-09T10:37:08,
2021-03-09T10:42:08,
2021-03-09T10:47:08,
2021-03-09T10:52:08,
2021-03-09T10:57:08,
2021-03-09T11:02:08,
2021-03-09T11:07:08,
2021-03-09T11:12:08,
2021-03-09T11:17:08,
2021-03-09T11:22:08,
2021-03-09T11:27:08,
2021-03-09T11:32:08,
2021-03-09T11:37:08,
2021-03-09T11:42:08,
2021-03-09T11:47:08,
2021-03-09T11:52:08,
2021-03-09T11:57:08,
2021-03-09T12:02:08,
2021-03-09T12:07:08,
2021-03-09T12:12:08,
2021-03-09T12:17:08,
2021-03-09T12:22:08,
2021-03-09T12:27:08,
2021-03-09T12:32:08,
2021-03-09T12:37:08,
2021-03-09T12:42:08,
2021-03-09T12:47:09,
2021-03-09T12:52:08,
2021-03-09T12:57:08,
2021-03-09T13:02:08,
2021-03-09T13:07:08,
2021-03-09T13:12:08,
2021-03-09T13:17:08,
2021-03-09T13:22:08,
2021-03-09T13:27:08,
2021-03-09T13:32:08,
2021-03-09T13:37:08,
2021-03-09T13:42:08,
2021-03-09T13:47:08,
2021-03-09T13:52:08,
2021-03-09T13:57:08,
2021-03-09T14:02:08,
2021-03-09T14:07:09,
2021-03-09T14:12:08,
2021-03-09T14:17:09,
2021-03-09T14:22:08,
2021-03-09T14:27:08,
2021-03-09T14:32:08,
2021-03-09T14:37:08,
2021-03-09T14:42:08,
2021-03-09T14:47:08,
2021-03-09T14:52:08,
2021-03-09T14:57:08,
2021-03-09T15:02:08,
2021-03-09T15:07:08,
2021-03-09T15:12:09,
2021-03-09T15:17:08,
2021-03-09T15:22:08,
2021-03-09T15:27:08,
2021-03-09T15:32:08,
2021-03-09T15:37:08,
2021-03-09T15:42:09,
2021-03-09T15:47:08,
2021-03-09T15:52:08,
2021-03-09T15:57:08,
2021-03-09T16:02:09,
2021-03-09T16:07:09,
2021-03-09T16:12:08,
2021-03-09T16:17:08,
2021-03-09T16:22:08,
2021-03-09T16:27:09,
2021-03-09T16:32:08,
2021-03-09T16:37:09,
2021-03-09T16:42:08,
2021-03-09T16:47:08,
2021-03-09T16:52:08,
2021-03-09T16:57:08,
2021-03-09T17:02:09,
2021-03-09T17:07:08,
2021-03-09T17:12:08,
2021-03-09T17:17:08,
2021-03-09T17:22:08,
2021-03-09T17:27:08,
2021-03-09T17:32:09,
2021-03-09T17:37:09,
2021-03-09T17:42:08,
2021-03-09T17:47:08,
2021-03-09T17:52:08,
2021-03-09T17:57:10,
2021-03-09T18:02:10,
2021-03-09T18:07:09,
2021-03-09T18:12:09,
2021-03-09T18:17:10,
2021-03-09T18:22:09,
2021-03-09T18:27:09,
2021-03-09T18:32:10,
2021-03-09T18:37:10,
2021-03-09T18:42:10,
2021-03-09T18:47:09,
2021-03-09T18:52:09,
2021-03-09T18:57:09,
2021-03-09T19:02:09,
2021-03-09T19:07:10,
2021-03-09T19:12:10,
2021-03-09T19:17:09,
2021-03-09T19:22:10,
2021-03-09T19:27:10,
2021-03-09T19:32:10,
2021-03-09T19:37:09,
2021-03-09T19:42:10,
2021-03-09T19:47:09,
2021-03-09T19:52:09,
2021-03-09T19:57:09,
2021-03-09T20:02:10,
2021-03-09T20:07:10,
2021-03-09T20:12:09,
2021-03-09T20:17:10,
2021-03-09T20:22:10,
2021-03-09T20:27:09,
2021-03-09T20:32:09,
2021-03-09T20:37:10,
2021-03-09T20:42:09,
2021-03-09T20:47:10,
2021-03-09T20:52:10,
2021-03-09T20:57:10,
2021-03-09T21:02:09,
2021-03-09T21:07:10,
2021-03-09T21:12:10,
2021-03-09T21:17:09,
2021-03-09T21:22:10,
2021-03-09T21:27:08,
2021-03-09T21:32:09,
2021-03-09T21:37:09,
2021-03-09T21:42:08,
2021-03-09T21:47:09,
2021-03-09T21:52:08,
2021-03-09T21:57:09,
2021-03-09T22:02:08,
2021-03-09T22:07:09,
2021-03-09T22:12:09,
2021-03-09T22:17:09,
2021-03-09T22:22:09,
2021-03-09T22:27:08,
2021-03-09T22:32:09,
2021-03-09T22:37:09,
2021-03-09T22:42:09,
2021-03-09T22:47:08,
2021-03-09T22:52:09,
2021-03-09T22:57:10,
2021-03-09T23:02:10,
2021-03-09T23:07:10,
2021-03-09T23:12:10,
2021-03-09T23:17:10,
2021-03-09T23:22:10,
2021-03-09T23:27:09,
2021-03-09T23:32:10,
2021-03-09T23:37:10,
2021-03-09T23:42:09,
2021-03-09T23:47:10,
2021-03-09T23:52:10,
2021-03-09T23:57:10,
2021-03-10T00:02:10,
2021-03-10T00:07:08,
2021-03-10T00:12:09,
2021-03-10T00:17:08,
2021-03-10T00:22:08,
2021-03-10T00:27:09,
2021-03-10T00:32:09,
2021-03-10T00:37:09,
2021-03-10T00:42:08,
2021-03-10T00:47:09,
2021-03-10T00:52:09,
2021-03-10T00:57:09,
2021-03-10T01:02:09,
2021-03-10T01:07:09,
2021-03-10T01:12:09,
2021-03-10T01:17:09,
2021-03-10T01:22:09,
2021-03-10T01:27:09,
2021-03-10T01:32:09,
2021-03-10T01:37:09,
2021-03-10T01:42:09,
2021-03-10T01:47:09,
2021-03-10T01:52:09,
2021-03-10T01:57:09,
2021-03-10T02:02:08,
2021-03-10T02:07:09,
2021-03-10T02:12:09,
2021-03-10T02:17:09,
2021-03-10T02:22:09,
2021-03-10T02:27:09,
2021-03-10T02:32:09,
2021-03-10T02:37:09,
2021-03-10T02:42:09,
2021-03-10T02:47:09,
2021-03-10T02:52:09,
2021-03-10T02:57:08,
2021-03-10T03:02:09,
2021-03-10T03:07:09,
2021-03-10T03:12:09,
2021-03-10T03:17:09,
2021-03-10T03:22:09,
2021-03-10T03:27:09,
2021-03-10T03:32:09,
2021-03-10T03:37:09,
2021-03-10T03:42:09,
2021-03-10T03:47:09,
2021-03-10T03:52:09,
2021-03-10T03:57:09,
2021-03-10T04:02:09,
2021-03-10T04:07:09,
2021-03-10T04:12:09,
2021-03-10T04:17:09,
2021-03-10T04:22:09,
2021-03-10T04:27:09,
2021-03-10T04:32:09,
2021-03-10T04:37:09,
2021-03-10T04:42:09,
2021-03-10T04:47:09,
2021-03-10T04:52:09,
2021-03-10T04:57:09,
2021-03-10T05:02:09,
2021-03-10T05:07:09,
2021-03-10T05:12:09,
2021-03-10T05:17:10,
2021-03-10T05:22:10,
2021-03-10T05:27:11,
2021-03-10T05:32:11,
2021-03-10T05:32:58,
2021-03-10T05:37:10,
2021-03-10T05:37:22,
2021-03-10T05:42:10,
2021-03-10T05:47:10,
2021-03-10T05:52:10,
2021-03-10T05:57:10,
2021-03-10T06:02:10,
2021-03-10T06:07:11,
2021-03-10T06:12:11,
2021-03-10T06:17:10,
2021-03-10T06:22:10,
2021-03-10T06:27:10,
2021-03-10T06:32:10,
2021-03-10T06:37:10,
2021-03-10T06:42:10,
2021-03-10T06:47:10,
2021-03-10T06:52:11,
2021-03-10T06:57:10,
2021-03-10T07:02:10,
2021-03-10T07:07:10,
2021-03-10T07:12:10,
2021-03-10T07:17:10,
2021-03-10T07:22:10,
2021-03-10T07:27:10,
2021-03-10T07:32:10,
2021-03-10T07:37:10,
2021-03-10T07:42:11,
2021-03-10T07:47:10,
2021-03-10T07:52:10,
2021-03-10T07:57:11,
2021-03-10T08:02:10,
2021-03-10T08:07:09,
2021-03-10T08:12:09,
2021-03-10T08:17:09,
2021-03-10T08:22:09,
2021-03-10T08:27:09,
2021-03-10T08:32:10,
2021-03-10T08:37:11,
2021-03-10T08:42:10,
2021-03-10T08:47:11,
2021-03-10T08:52:10,
2021-03-10T08:57:11,
2021-03-10T09:02:10,
2021-03-10T09:07:10,
2021-03-10T09:12:10,
2021-03-10T09:17:10,
2021-03-10T09:22:11,
2021-03-10T09:27:10,
2021-03-10T09:32:10,
2021-03-10T09:37:10,
2021-03-10T09:42:10,
2021-03-10T09:47:10,
2021-03-10T09:52:10,
2021-03-10T09:57:10,
2021-03-10T10:02:10,
2021-03-10T10:07:10,
2021-03-10T10:12:10,
2021-03-10T10:17:11,
2021-03-10T10:22:11,
2021-03-10T10:27:11,
2021-03-10T10:32:10,
2021-03-10T10:37:11,
2021-03-10T10:42:10,
2021-03-10T10:47:10,
2021-03-10T10:52:10,
2021-03-10T10:57:10,
2021-03-10T11:02:11,
2021-03-10T11:07:10,
2021-03-10T11:12:11,
2021-03-10T11:17:10,
2021-03-10T11:22:10,
2021-03-10T11:27:10,
2021-03-10T11:32:10,
2021-03-10T11:37:10,
2021-03-10T11:42:10,
2021-03-10T11:47:10,
2021-03-10T11:52:10,
2021-03-10T11:57:10,
2021-03-10T12:02:11,
2021-03-10T12:07:10,
2021-03-10T12:12:11,
2021-03-10T12:17:11,
2021-03-10T12:22:10,
2021-03-10T12:27:10,
2021-03-10T12:32:10,
2021-03-10T12:37:10,
2021-03-10T12:42:10,
2021-03-10T12:47:11,
2021-03-10T12:52:11,
2021-03-10T12:57:10,
2021-03-10T13:02:10,
2021-03-10T13:07:11,
2021-03-10T13:12:11,
2021-03-10T13:17:11,
2021-03-10T13:22:11,
2021-03-10T13:27:11,
2021-03-10T13:32:10,
2021-03-10T13:37:11,
2021-03-10T13:42:11,
2021-03-10T13:47:10,
2021-03-10T13:52:10,
2021-03-10T13:57:11,
2021-03-10T14:02:10,
2021-03-10T14:07:11,
2021-03-10T14:12:10,
2021-03-10T14:17:10,
2021-03-10T14:22:11,
2021-03-10T14:27:10,
2021-03-10T14:32:11,
2021-03-10T14:37:10,
2021-03-10T14:42:11,
2021-03-10T14:47:10,
2021-03-10T14:52:11,
2021-03-10T14:57:11,
2021-03-10T15:02:11,
2021-03-10T15:07:11,
2021-03-10T15:12:10,
2021-03-10T15:17:10,
2021-03-10T15:22:11,
2021-03-10T15:27:11,
2021-03-10T15:32:11,
2021-03-10T15:37:11,
2021-03-10T15:42:11,
2021-03-10T15:47:11,
2021-03-10T15:52:11,
2021-03-10T15:57:11,
2021-03-10T16:02:11,
2021-03-10T16:07:11,
2021-03-10T16:12:11,
2021-03-10T16:17:11,
2021-03-10T16:22:11,
2021-03-10T16:27:11,
2021-03-10T16:32:10,
2021-03-10T16:37:11,
2021-03-10T16:42:11,
2021-03-10T16:47:11,
2021-03-10T16:52:10,
2021-03-10T16:57:11,
2021-03-10T17:02:11,
2021-03-10T17:07:11,
2021-03-10T21:27:10,
2021-03-10T21:32:10,
2021-03-10T21:37:10,
2021-03-10T21:42:10,
2021-03-10T21:47:10,
2021-03-10T21:52:11,
2021-03-10T21:57:10,
2021-03-10T22:02:11,
2021-03-10T22:07:11,
2021-03-10T22:12:10,
2021-03-10T22:17:11,
2021-03-10T22:22:10,
2021-03-10T22:27:10,
2021-03-10T22:32:10,
2021-03-10T22:37:11,
2021-03-10T22:42:10,
2021-03-10T22:47:10,
2021-03-10T22:52:10,
2021-03-10T22:57:10,
2021-03-10T23:02:10,
2021-03-10T23:07:10,
2021-03-10T23:12:10,
2021-03-10T23:17:10,
2021-03-10T23:22:10,
2021-03-10T23:27:10,
2021-03-10T23:32:10,
2021-03-10T23:37:11,
2021-03-10T23:42:10,
2021-03-10T23:47:11,
2021-03-10T23:52:10,
2021-03-10T23:57:10,
2021-03-11T00:02:11,
2021-03-11T00:07:11,
2021-03-11T00:12:11,
2021-03-11T00:17:11,
2021-03-11T00:22:11,
2021-03-11T00:27:11,
2021-03-11T00:32:11,
2021-03-11T00:37:11,
2021-03-11T00:42:12,
2021-03-11T00:47:12,
2021-03-11T00:52:11,
2021-03-11T00:57:11,
2021-03-11T01:02:11,
2021-03-11T01:07:12,
2021-03-11T01:12:11,
2021-03-11T01:17:12,
2021-03-11T01:22:12,
2021-03-11T01:27:12,
2021-03-11T01:32:11,
2021-03-11T01:37:10,
2021-03-11T01:42:11,
2021-03-11T01:47:10,
2021-03-11T01:52:11,
2021-03-11T01:57:10,
2021-03-11T02:02:10,
2021-03-11T02:07:10,
2021-03-11T02:12:10,
2021-03-11T02:17:10,
2021-03-11T02:22:10,
2021-03-11T02:27:11,
2021-03-11T02:32:11,
2021-03-11T02:37:11,
2021-03-11T02:42:11,
2021-03-11T02:47:11,
2021-03-11T02:52:11,
2021-03-11T02:57:10,
2021-03-11T03:02:10,
2021-03-11T03:07:10,
2021-03-11T03:12:10,
2021-03-11T03:17:11,
2021-03-11T03:22:10,
2021-03-11T03:27:10,
2021-03-11T03:32:11,
2021-03-11T03:37:11,
2021-03-11T03:42:10,
2021-03-11T03:47:10,
2021-03-11T03:52:10,
2021-03-11T03:57:11,
2021-03-11T04:02:10,
2021-03-11T04:07:11,
2021-03-11T04:12:11,
2021-03-11T04:17:11,
2021-03-11T04:22:10,
2021-03-11T04:27:11,
2021-03-11T04:32:11,
2021-03-11T04:37:10,
2021-03-11T04:42:10,
2021-03-11T04:47:10,
2021-03-11T04:52:11,
2021-03-11T04:57:11,
2021-03-11T05:02:11,
2021-03-11T05:07:12,
2021-03-11T05:12:11,
2021-03-11T05:17:12,
2021-03-11T05:22:12,
2021-03-11T05:27:11,
2021-03-11T05:32:12,
2021-03-11T05:37:12,
2021-03-11T05:42:12,
2021-03-11T05:47:11,
2021-03-11T05:52:11,
2021-03-11T05:57:11,
2021-03-11T06:02:11,
2021-03-11T06:07:12,
2021-03-11T06:12:12,
2021-03-11T06:17:11,
2021-03-11T06:22:12,
2021-03-11T06:27:12,
2021-03-11T06:32:12,
2021-03-11T06:37:12,
2021-03-11T06:42:12,
2021-03-11T06:47:12,
2021-03-11T06:52:12,
2021-03-11T06:57:12,
2021-03-11T07:02:11,
2021-03-11T07:07:12,
2021-03-11T07:12:12,
2021-03-11T07:17:12,
2021-03-11T07:22:12,
2021-03-11T07:27:12,
2021-03-11T07:32:12,
2021-03-11T07:37:12,
2021-03-11T07:42:12,
2021-03-11T07:47:12,
2021-03-11T07:52:12,
2021-03-11T07:57:12,
2021-03-11T08:02:12,
2021-03-11T08:07:12,
2021-03-11T08:12:12,
2021-03-11T08:17:12,
2021-03-11T08:22:12,
2021-03-11T08:27:12,
2021-03-11T08:32:12,
2021-03-11T08:37:12,
2021-03-11T08:42:11,
2021-03-11T08:47:12,
2021-03-11T08:52:12,
2021-03-11T08:57:12,
2021-03-11T09:02:12,
2021-03-11T09:07:12,
2021-03-11T09:12:12,
2021-03-11T09:17:12,
2021-03-11T09:22:12,
2021-03-11T09:27:12,
2021-03-11T09:32:12,
2021-03-11T09:37:12,
2021-03-11T09:42:12,
2021-03-11T09:47:12,
2021-03-11T09:52:12,
2021-03-11T09:57:12,
2021-03-11T10:02:12,
2021-03-11T10:07:12,
2021-03-11T10:12:12,
2021-03-11T10:17:12,
2021-03-11T10:22:12,
2021-03-11T10:27:12,
2021-03-11T10:32:12,
2021-03-11T10:37:12,
2021-03-11T10:42:12,
2021-03-11T10:47:12,
2021-03-11T10:52:12,
2021-03-11T10:57:12,
2021-03-11T11:02:12,
2021-03-11T11:07:12,
2021-03-11T11:12:12,
2021-03-11T11:17:12,
2021-03-11T11:22:12,
2021-03-11T11:27:12,
2021-03-11T11:32:12,
2021-03-11T11:37:12,
2021-03-11T11:42:12,
2021-03-11T11:47:12,
2021-03-11T11:52:12,
2021-03-11T11:57:12,
2021-03-11T12:02:12,
2021-03-11T12:07:12,
2021-03-11T12:12:12,
2021-03-11T12:17:13,
2021-03-11T12:22:12,
2021-03-11T12:27:13,
2021-03-11T12:32:12,
2021-03-11T12:37:12,
2021-03-11T12:42:12,
2021-03-11T12:47:13,
2021-03-11T12:52:12,
2021-03-11T12:57:12,
2021-03-11T13:02:12,
2021-03-11T13:07:12,
2021-03-11T13:12:12,
2021-03-11T13:17:12,
2021-03-11T13:22:12,
2021-03-11T13:27:12,
2021-03-11T13:32:12,
2021-03-11T13:37:12,
2021-03-11T13:42:13,
2021-03-11T13:47:13,
2021-03-11T13:52:12,
2021-03-11T13:57:12,
2021-03-11T14:02:12,
2021-03-11T14:07:13,
2021-03-11T14:12:13,
2021-03-11T14:17:12,
2021-03-11T14:22:12,
2021-03-11T14:27:13,
2021-03-11T14:32:12,
2021-03-11T14:37:13,
2021-03-11T14:42:12,
2021-03-11T14:47:12,
2021-03-11T14:52:12,
2021-03-11T14:57:12,
2021-03-11T15:02:12,
2021-03-11T15:07:13,
2021-03-11T15:12:12,
2021-03-11T15:17:12,
2021-03-11T15:22:12,
2021-03-11T15:27:12,
2021-03-11T15:32:12,
2021-03-11T15:37:12,
2021-03-11T15:42:12,
2021-03-11T15:47:12,
2021-03-11T15:52:13,
2021-03-11T15:57:13,
2021-03-11T16:02:12,
2021-03-11T16:07:12,
2021-03-11T16:12:12,
2021-03-11T16:17:13,
2021-03-11T16:22:13,
2021-03-11T16:27:12,
2021-03-11T16:32:13,
2021-03-11T16:37:12,
2021-03-11T16:42:13,
2021-03-11T16:47:13,
2021-03-11T16:52:12,
2021-03-11T16:57:12,
2021-03-11T17:02:12,
2021-03-11T17:07:12,
2021-03-11T17:12:12,
2021-03-11T17:17:12,
2021-03-11T17:22:13,
2021-03-11T17:27:12,
2021-03-11T17:32:12,
2021-03-11T17:37:12,
2021-03-11T17:42:12,
2021-03-11T17:47:12,
2021-03-11T17:52:12,
2021-03-11T17:57:13,
2021-03-11T18:02:11,
2021-03-11T18:07:12,
2021-03-11T18:12:12,
2021-03-11T18:17:12,
2021-03-11T18:22:12,
2021-03-11T18:27:11,
2021-03-11T18:32:12,
2021-03-11T18:37:13,
2021-03-11T18:42:13,
2021-03-11T18:47:12,
2021-03-11T18:52:12,
2021-03-11T18:57:12,
2021-03-11T19:02:12,
2021-03-11T19:07:12,
2021-03-11T19:12:13,
2021-03-11T19:17:12,
2021-03-11T19:22:12,
2021-03-11T19:27:13,
2021-03-11T19:32:12,
2021-03-11T19:37:13,
2021-03-11T19:42:12,
2021-03-11T19:47:12,
2021-03-11T19:52:12,
2021-03-11T19:57:13,
2021-03-11T20:02:13,
2021-03-11T20:07:12,
2021-03-11T20:12:12,
2021-03-11T20:17:12,
2021-03-11T20:22:12,
2021-03-11T20:27:13,
2021-03-11T20:32:13,
2021-03-11T20:37:12,
2021-03-11T20:42:13,
2021-03-11T20:47:13,
2021-03-11T20:52:12,
2021-03-11T20:57:11,
2021-03-11T21:02:12,
2021-03-11T21:07:12,
2021-03-11T21:12:12,
2021-03-11T21:17:12,
2021-03-11T21:22:11,
2021-03-11T21:27:11,
2021-03-11T21:32:11,
2021-03-11T21:37:12,
2021-03-11T21:42:12,
2021-03-11T21:47:12,
2021-03-11T21:52:12,
2021-03-11T21:57:12,
2021-03-11T22:02:12,
2021-03-11T22:07:11,
2021-03-11T22:12:12,
2021-03-11T22:17:12,
2021-03-11T22:22:11,
2021-03-11T22:27:12,
2021-03-11T22:32:12,
2021-03-11T22:37:12,
2021-03-11T22:42:12,
2021-03-11T22:47:11,
2021-03-11T22:52:11,
2021-03-11T22:57:12,
2021-03-11T23:02:11,
2021-03-11T23:07:11,
2021-03-11T23:12:12,
2021-03-11T23:17:11,
2021-03-11T23:22:12,
2021-03-11T23:27:12,
2021-03-11T23:32:11,
2021-03-11T23:37:12,
2021-03-11T23:42:12,
2021-03-11T23:47:11,
2021-03-11T23:52:11,
2021-03-11T23:57:11,
2021-03-12T00:02:12,
2021-03-12T00:07:11,
2021-03-12T00:12:12,
2021-03-12T00:17:12,
2021-03-12T00:22:12,
2021-03-12T00:27:12,
2021-03-12T00:32:12,
2021-03-12T00:37:12,
2021-03-12T00:42:11,
2021-03-12T00:47:12,
2021-03-12T00:52:12,
2021-03-12T00:57:12,
2021-03-12T01:02:12,
2021-03-12T01:07:11,
2021-03-12T01:12:12,
2021-03-12T01:17:12,
2021-03-12T01:22:11,
2021-03-12T01:27:12,
2021-03-12T01:32:12,
2021-03-12T01:37:12,
2021-03-12T01:42:12,
2021-03-12T01:47:12,
2021-03-12T01:52:12,
2021-03-12T01:57:12,
2021-03-12T02:02:12,
2021-03-12T02:07:12,
2021-03-12T02:12:12,
2021-03-12T02:17:12,
2021-03-12T02:22:12,
2021-03-12T02:27:12,
2021-03-12T02:32:12,
2021-03-12T02:37:12,
2021-03-12T02:42:12,
2021-03-12T02:47:12,
2021-03-12T02:52:12,
2021-03-12T02:57:12,
2021-03-12T03:02:12,
2021-03-12T03:07:12,
2021-03-12T03:12:12,
2021-03-12T03:17:12,
2021-03-12T03:22:12,
2021-03-12T03:27:12,
2021-03-12T03:32:12,
2021-03-12T03:37:12,
2021-03-12T03:42:12,
2021-03-12T03:47:12,
2021-03-12T03:52:12,
2021-03-12T03:57:12,
2021-03-12T04:02:12,
2021-03-12T04:07:12,
2021-03-12T04:12:12,
2021-03-12T04:17:12,
2021-03-12T04:22:12,
2021-03-12T04:27:12,
2021-03-12T04:32:12,
2021-03-12T04:37:12,
2021-03-12T04:42:12,
2021-03-12T04:47:12,
2021-03-12T04:52:12,
2021-03-12T04:57:12,
2021-03-12T05:02:12,
2021-03-12T05:07:12,
2021-03-12T05:12:12,
2021-03-12T05:17:12,
2021-03-12T05:22:12,
2021-03-12T05:27:12,
2021-03-12T05:32:13,
2021-03-12T05:37:13,
2021-03-12T05:42:12,
2021-03-12T05:47:12,
2021-03-12T05:52:12,
2021-03-12T05:57:12,
2021-03-12T06:02:13,
2021-03-12T06:07:12,
2021-03-12T06:12:12,
2021-03-12T06:17:12,
2021-03-12T06:22:12,
2021-03-12T06:27:13,
2021-03-12T06:32:12,
2021-03-12T06:37:12,
2021-03-12T06:42:12,
2021-03-12T06:47:12,
2021-03-12T06:52:12,
2021-03-12T06:57:12,
2021-03-12T07:02:12,
2021-03-12T07:07:12,
2021-03-12T07:12:13,
2021-03-12T07:17:12,
2021-03-12T07:22:12,
2021-03-12T07:27:12,
2021-03-12T07:32:12,
2021-03-12T07:37:12,
2021-03-12T07:42:12,
2021-03-12T07:47:13,
2021-03-12T07:52:12,
2021-03-12T07:57:13,
2021-03-12T08:02:12,
2021-03-12T08:07:12,
2021-03-12T08:12:12,
2021-03-12T08:17:12,
2021-03-12T08:22:12,
2021-03-12T08:27:12,
2021-03-12T08:32:13,
2021-03-12T08:37:12,
2021-03-12T08:42:12,
2021-03-12T08:47:12,
2021-03-12T08:52:12,
2021-03-12T08:57:13,
2021-03-12T09:02:13,
2021-03-12T09:07:13,
2021-03-12T09:12:13,
2021-03-12T09:17:13,
2021-03-12T09:22:13,
2021-03-12T09:27:14,
2021-03-12T09:32:13,
2021-03-12T09:37:14,
2021-03-12T09:42:13,
2021-03-12T09:47:14,
2021-03-12T09:52:13,
2021-03-12T09:57:13,
2021-03-12T10:02:13,
2021-03-12T10:07:13,
2021-03-12T10:12:14,
2021-03-12T10:17:13,
2021-03-12T10:22:14,
2021-03-12T10:27:13,
2021-03-12T10:32:13,
2021-03-12T10:37:14,
2021-03-12T10:42:13,
2021-03-12T10:47:14,
2021-03-12T10:52:13,
2021-03-12T10:57:13,
2021-03-12T11:02:13,
2021-03-12T11:07:14,
2021-03-12T11:12:13,
2021-03-12T11:17:13,
2021-03-12T11:22:14,
2021-03-12T11:27:14,
2021-03-12T11:32:13,
2021-03-12T11:37:13,
2021-03-12T11:42:13,
2021-03-12T11:47:14,
2021-03-12T11:52:14,
2021-03-12T11:57:13,
2021-03-12T12:02:14,
2021-03-12T12:07:13,
2021-03-12T12:12:14,
2021-03-12T12:17:13,
2021-03-12T12:22:13,
2021-03-12T12:27:14,
2021-03-12T12:32:13,
2021-03-12T12:37:12,
2021-03-12T12:42:12,
2021-03-12T12:47:13,
2021-03-12T12:52:13,
2021-03-12T12:57:12,
2021-03-12T13:02:12,
2021-03-12T13:07:12,
2021-03-12T13:12:13,
2021-03-12T13:17:13,
2021-03-12T13:22:13,
2021-03-12T13:27:12,
2021-03-12T13:32:13,
2021-03-12T13:37:13,
2021-03-12T13:42:13,
2021-03-12T13:47:12,
2021-03-12T13:52:12,
2021-03-12T13:57:12,
2021-03-12T14:02:13,
2021-03-12T14:07:13,
2021-03-12T14:12:13,
2021-03-12T14:17:13,
2021-03-12T14:22:13,
2021-03-12T14:27:13,
2021-03-12T14:32:13,
2021-03-12T14:37:12,
2021-03-12T14:42:13,
2021-03-12T14:47:13,
2021-03-12T14:52:12,
2021-03-12T14:57:14,
2021-03-12T15:02:14,
2021-03-12T15:07:13,
2021-03-12T15:12:14,
2021-03-12T15:17:14,
2021-03-12T15:22:14,
2021-03-12T15:27:14,
2021-03-12T15:32:14,
2021-03-12T15:37:13,
2021-03-12T15:42:14,
2021-03-12T15:47:14,
2021-03-12T15:52:14,
2021-03-12T15:57:14,
2021-03-12T16:02:14,
2021-03-12T16:07:14,
2021-03-12T16:12:13,
2021-03-12T16:17:13,
2021-03-12T16:22:12,
2021-03-12T16:27:13,
2021-03-12T16:32:14,
2021-03-12T16:37:14,
2021-03-12T16:42:14,
2021-03-12T16:47:13,
2021-03-12T16:52:14,
2021-03-12T16:57:14,
2021-03-12T17:02:14,
2021-03-12T17:07:13,
2021-03-12T17:12:13,
2021-03-12T17:17:14,
2021-03-12T17:22:14,
2021-03-12T17:27:14,
2021-03-12T17:32:13,
2021-03-12T17:37:13,
2021-03-12T17:42:12,
2021-03-12T17:47:13,
2021-03-12T17:52:13,
2021-03-12T17:57:13,
2021-03-12T18:02:13,
2021-03-12T18:07:13,
2021-03-12T18:12:13,
2021-03-12T18:17:12,
2021-03-12T18:22:13,
2021-03-12T18:27:13,
2021-03-12T18:32:13,
2021-03-12T18:37:13,
2021-03-12T18:42:13,
2021-03-12T18:47:13,
2021-03-12T18:52:13,
2021-03-12T18:57:13,
2021-03-12T19:02:13,
2021-03-12T19:07:13,
2021-03-12T19:12:13,
2021-03-12T19:17:13,
2021-03-12T19:22:13,
2021-03-12T19:27:13,
2021-03-12T19:32:13,
2021-03-12T19:37:13,
2021-03-12T19:42:13,
2021-03-12T19:47:13,
2021-03-12T19:52:13,
2021-03-12T19:57:13,
2021-03-12T20:02:13,
2021-03-12T20:07:13,
2021-03-12T20:12:13,
2021-03-12T20:17:13,
2021-03-12T20:22:13,
2021-03-12T20:27:13,
2021-03-12T20:32:13,
2021-03-12T20:37:13,
2021-03-12T20:42:13,
2021-03-12T20:47:13,
2021-03-12T20:52:13,
2021-03-12T20:57:13,
2021-03-12T21:02:13,
2021-03-12T21:07:13,
2021-03-12T21:12:13,
2021-03-12T21:17:13,
2021-03-12T21:22:13,
2021-03-12T21:27:13,
2021-03-12T21:32:14,
2021-03-12T21:37:13,
2021-03-12T21:42:14,
2021-03-12T21:47:14,
2021-03-12T21:52:15,
2021-03-12T21:57:14,
2021-03-12T22:02:14,
2021-03-12T22:07:14,
2021-03-12T22:12:14,
2021-03-12T22:17:14,
2021-03-12T22:22:14,
2021-03-12T22:27:15,
2021-03-12T22:32:14,
2021-03-12T22:37:14,
2021-03-12T22:42:14,
2021-03-12T22:47:14,
2021-03-12T22:52:14,
2021-03-12T22:57:14,
2021-03-12T23:02:14,
2021-03-12T23:07:15,
2021-03-12T23:12:14,
2021-03-12T23:17:14,
2021-03-12T23:22:14,
2021-03-12T23:27:14,
2021-03-12T23:32:14,
2021-03-12T23:37:14,
2021-03-12T23:42:14,
2021-03-12T23:47:14,
2021-03-12T23:52:14,
2021-03-12T23:57:14,
2021-03-13T00:02:13,
2021-03-13T00:07:13,
2021-03-13T00:12:13,
2021-03-13T00:17:14,
2021-03-13T00:22:13,
2021-03-13T00:27:14,
2021-03-13T00:32:13,
2021-03-13T00:37:13,
2021-03-13T00:42:13,
2021-03-13T00:47:14,
2021-03-13T00:52:13,
2021-03-13T00:57:13,
2021-03-13T01:02:13,
2021-03-13T01:07:14,
2021-03-13T01:12:14,
2021-03-13T01:17:13,
2021-03-13T01:22:13,
2021-03-13T01:27:13,
2021-03-13T01:32:14,
2021-03-13T01:37:13,
2021-03-13T01:42:13,
2021-03-13T01:47:13,
2021-03-13T01:52:13,
2021-03-13T01:57:14,
2021-03-13T02:02:14,
2021-03-13T02:07:14,
2021-03-13T02:12:14,
2021-03-13T02:17:13,
2021-03-13T02:22:14,
2021-03-13T02:27:14,
2021-03-13T02:32:13,
2021-03-13T02:37:13,
2021-03-13T02:42:13,
2021-03-13T02:47:13,
2021-03-13T02:52:13,
2021-03-13T02:57:14,
2021-03-13T03:02:14,
2021-03-13T03:07:13,
2021-03-13T03:12:14,
2021-03-13T03:17:14,
2021-03-13T03:22:13,
2021-03-13T03:27:13,
2021-03-13T03:32:13,
2021-03-13T03:37:13,
2021-03-13T03:42:13,
2021-03-13T03:47:14,
2021-03-13T03:52:13,
2021-03-13T03:57:13,
2021-03-13T04:02:14,
2021-03-13T04:07:14,
2021-03-13T04:12:14,
2021-03-13T04:17:14,
2021-03-13T04:22:13,
2021-03-13T04:27:14,
2021-03-13T04:32:13,
2021-03-13T04:37:14,
2021-03-13T04:42:13,
2021-03-13T04:47:14,
2021-03-13T04:52:14,
2021-03-13T04:57:14,
2021-03-13T05:02:14,
2021-03-13T05:07:14,
2021-03-13T05:12:13,
2021-03-13T05:17:14,
2021-03-13T05:22:14,
2021-03-13T05:27:14,
2021-03-13T05:32:14,
2021-03-13T05:37:14,
2021-03-13T05:42:14,
2021-03-13T05:47:14,
2021-03-13T05:52:14,
2021-03-13T05:57:14,
2021-03-13T06:02:13,
2021-03-13T06:07:14,
2021-03-13T06:12:14,
2021-03-13T06:17:14,
2021-03-13T06:22:14,
2021-03-13T06:27:14,
2021-03-13T06:32:13,
2021-03-13T06:37:14,
2021-03-13T06:42:13,
2021-03-13T06:47:14,
2021-03-13T06:52:14,
2021-03-13T06:57:15,
2021-03-13T07:02:15,
2021-03-13T07:07:14,
2021-03-13T07:12:15,
2021-03-13T07:17:14,
2021-03-13T07:22:15,
2021-03-13T07:27:14,
2021-03-13T07:32:15,
2021-03-13T07:37:14,
2021-03-13T07:42:15,
2021-03-13T07:47:15,
2021-03-13T07:52:15,
2021-03-13T07:57:13,
2021-03-13T08:02:14,
2021-03-13T08:07:14,
2021-03-13T08:12:14,
2021-03-13T08:17:14,
2021-03-13T08:22:13,
2021-03-13T08:27:14,
2021-03-13T08:32:14,
2021-03-13T08:37:14,
2021-03-13T08:42:14,
2021-03-13T08:47:14,
2021-03-13T08:52:14,
2021-03-13T08:57:15,
2021-03-13T09:02:15,
2021-03-13T09:07:14,
2021-03-13T09:12:15,
2021-03-13T09:17:15,
2021-03-13T09:22:15,
2021-03-13T09:27:15,
2021-03-13T09:32:15,
2021-03-13T09:37:15,
2021-03-13T09:42:15,
2021-03-13T09:47:15,
2021-03-13T09:52:15,
2021-03-13T09:57:15,
2021-03-13T10:02:15,
2021-03-13T10:07:15,
2021-03-13T10:12:15,
2021-03-13T10:17:15,
2021-03-13T10:22:15,
2021-03-13T10:27:15,
2021-03-13T10:32:14,
2021-03-13T10:37:15,
2021-03-13T10:42:15,
2021-03-13T10:47:15,
2021-03-13T10:52:15,
2021-03-13T10:57:15,
2021-03-13T11:02:15,
2021-03-13T11:07:15,
2021-03-13T11:12:15,
2021-03-13T11:17:15,
2021-03-13T11:22:15,
2021-03-13T11:27:15,
2021-03-13T11:32:15,
2021-03-13T11:37:15,
2021-03-13T11:42:15,
2021-03-13T11:47:15,
2021-03-13T11:52:15,
2021-03-13T11:57:16,
2021-03-13T12:02:15,
2021-03-13T12:07:15,
2021-03-13T12:12:15,
2021-03-13T12:17:15,
2021-03-13T12:22:15,
2021-03-13T12:27:15,
2021-03-13T12:32:15,
2021-03-13T12:37:15,
2021-03-13T12:42:15,
2021-03-13T12:47:15,
2021-03-13T12:52:15,
2021-03-13T12:57:15,
2021-03-13T13:02:15,
2021-03-13T13:07:14,
2021-03-13T13:12:14,
2021-03-13T13:17:14,
2021-03-13T13:22:14,
2021-03-13T13:27:14,
2021-03-13T13:32:14,
2021-03-13T13:37:14,
2021-03-13T13:42:15,
2021-03-13T13:47:14,
2021-03-13T13:52:14,
2021-03-13T13:57:15,
2021-03-13T14:02:15,
2021-03-13T14:07:15,
2021-03-13T14:12:15,
2021-03-13T14:17:15,
2021-03-13T14:22:15,
2021-03-13T14:27:15,
2021-03-13T14:32:15,
2021-03-13T14:37:15,
2021-03-13T14:42:15,
2021-03-13T14:47:15,
2021-03-13T14:52:16,
2021-03-13T14:57:15,
2021-03-13T15:02:15,
2021-03-13T15:07:15,
2021-03-13T15:12:15,
2021-03-13T15:17:16,
2021-03-13T15:22:16,
2021-03-13T15:27:15,
2021-03-13T15:32:15,
2021-03-13T15:37:16,
2021-03-13T15:42:15,
2021-03-13T15:47:15,
2021-03-13T15:52:16,
2021-03-13T15:57:15,
2021-03-13T16:02:15,
2021-03-13T16:07:16,
2021-03-13T16:12:16,
2021-03-13T16:17:16,
2021-03-13T16:22:15,
2021-03-13T16:27:14,
2021-03-13T16:32:15,
2021-03-13T16:37:14,
2021-03-13T16:42:14,
2021-03-13T16:47:14,
2021-03-13T16:52:14,
2021-03-13T16:57:14,
2021-03-13T17:02:14,
2021-03-13T17:07:15,
2021-03-13T17:12:14,
2021-03-13T17:17:14,
2021-03-13T17:22:15,
2021-03-13T17:27:15,
2021-03-13T17:32:15,
2021-03-13T17:37:15,
2021-03-13T17:42:15,
2021-03-13T17:47:15,
2021-03-13T17:52:15,
2021-03-13T17:57:15,
2021-03-13T18:02:15,
2021-03-13T18:07:15,
2021-03-13T18:12:15,
2021-03-13T18:17:15,
2021-03-13T18:22:15,
2021-03-13T18:27:15,
2021-03-13T18:32:15,
2021-03-13T18:37:14,
2021-03-13T18:42:15,
2021-03-13T18:47:15,
2021-03-13T18:52:14,
2021-03-13T18:57:14,
2021-03-13T19:02:14,
2021-03-13T19:07:15,
2021-03-13T19:12:14,
2021-03-13T19:17:15,
2021-03-13T19:22:15,
2021-03-13T19:27:14,
2021-03-13T19:32:15,
2021-03-13T19:37:14,
2021-03-13T19:42:15,
2021-03-13T19:47:15,
2021-03-13T19:52:15,
2021-03-13T19:57:16,
2021-03-13T20:02:16,
2021-03-13T20:07:15,
2021-03-13T20:12:15,
2021-03-13T20:17:16,
2021-03-13T20:22:16,
2021-03-13T20:27:16,
2021-03-13T20:32:16,
2021-03-13T20:37:16,
2021-03-13T20:42:16,
2021-03-13T20:47:15,
2021-03-13T20:52:15,
2021-03-13T20:57:16,
2021-03-13T21:02:16,
2021-03-13T21:07:16,
2021-03-13T21:12:16,
2021-03-13T21:17:15,
2021-03-13T21:22:16,
2021-03-13T21:27:15,
2021-03-13T21:32:16,
2021-03-13T21:37:16,
2021-03-13T21:42:16,
2021-03-13T21:47:16,
2021-03-13T21:52:16,
2021-03-13T21:57:16,
2021-03-13T22:02:15,
2021-03-13T22:07:16,
2021-03-13T22:12:16,
2021-03-13T22:17:15,
2021-03-13T22:22:15,
2021-03-13T22:27:16,
2021-03-13T22:32:15,
2021-03-13T22:37:16,
2021-03-13T22:42:16,
2021-03-13T22:47:16,
2021-03-13T22:52:15,
2021-03-13T22:57:16,
2021-03-13T23:02:16,
2021-03-13T23:07:16,
2021-03-13T23:12:16,
2021-03-13T23:17:15,
2021-03-13T23:22:15,
2021-03-13T23:27:16,
2021-03-13T23:32:16,
2021-03-13T23:37:16,
2021-03-13T23:42:16,
2021-03-13T23:47:16,
2021-03-13T23:52:15,
2021-03-13T23:57:16,
2021-03-14T00:02:15,
2021-03-14T00:07:15,
2021-03-14T00:12:15,
2021-03-14T00:17:15,
2021-03-14T00:22:14,
2021-03-14T00:27:15,
2021-03-14T00:32:15,
2021-03-14T00:37:15,
2021-03-14T00:42:15,
2021-03-14T00:47:15,
2021-03-14T00:52:14,
2021-03-14T00:57:15,
2021-03-14T01:02:15,
2021-03-14T01:07:15,
2021-03-14T01:12:15,
2021-03-14T01:17:15,
2021-03-14T01:22:15,
2021-03-14T01:27:15,
2021-03-14T01:32:15,
2021-03-14T01:37:15,
2021-03-14T01:42:15,
2021-03-14T01:47:15,
2021-03-14T01:52:15,
2021-03-14T01:57:15,
2021-03-14T03:02:15,
2021-03-14T03:07:15,
2021-03-14T03:12:14,
2021-03-14T03:17:15,
2021-03-14T03:22:15,
2021-03-14T03:27:15,
2021-03-14T03:32:15,
2021-03-14T03:37:15,
2021-03-14T03:42:15,
2021-03-14T03:47:15,
2021-03-14T03:52:15,
2021-03-14T03:57:15,
2021-03-14T04:02:15,
2021-03-14T04:07:15,
2021-03-14T04:12:15,
2021-03-14T04:17:15,
2021-03-14T04:22:15,
2021-03-14T04:27:15,
2021-03-14T04:32:15,
2021-03-14T04:37:15,
2021-03-14T04:42:15,
2021-03-14T04:47:15,
2021-03-14T04:52:15,
2021-03-14T04:57:15,
2021-03-14T05:02:15,
2021-03-14T05:07:15,
2021-03-14T05:12:15,
2021-03-14T05:17:15,
2021-03-14T05:22:15,
2021-03-14T05:27:15,
2021-03-14T05:32:15,
2021-03-14T05:37:15,
2021-03-14T05:42:15,
2021-03-14T05:47:16,
2021-03-14T05:52:15,
2021-03-14T05:57:15,
2021-03-14T06:02:15,
2021-03-14T06:07:15,
2021-03-14T06:12:15,
2021-03-14T06:17:15,
2021-03-14T06:22:15,
2021-03-14T06:27:15,
2021-03-14T06:32:15,
2021-03-14T06:37:15,
2021-03-14T06:42:15,
2021-03-14T06:47:15,
2021-03-14T06:52:15,
2021-03-14T06:57:15,
2021-03-14T07:02:15,
2021-03-14T07:07:15,
2021-03-14T07:12:15,
2021-03-14T07:17:15,
2021-03-14T07:22:15,
2021-03-14T07:27:15,
2021-03-14T07:32:16,
2021-03-14T07:37:15,
2021-03-14T07:42:15,
2021-03-14T07:47:16,
2021-03-14T07:52:16,
2021-03-14T07:57:17,
2021-03-14T08:02:16,
2021-03-14T08:07:16,
2021-03-14T08:12:16,
2021-03-14T08:17:17,
2021-03-14T08:22:16,
2021-03-14T08:27:16,
2021-03-14T08:32:16,
2021-03-14T08:37:16,
2021-03-14T08:42:16,
2021-03-14T08:47:15,
2021-03-14T08:52:16,
2021-03-14T08:57:15,
2021-03-14T09:02:15,
2021-03-14T09:07:16,
2021-03-14T09:12:15,
2021-03-14T09:17:15,
2021-03-14T09:22:15,
2021-03-14T09:27:16,
2021-03-14T09:32:15,
2021-03-14T09:37:15,
2021-03-14T09:42:16,
2021-03-14T09:47:16,
2021-03-14T09:52:16,
2021-03-14T09:57:15,
2021-03-14T10:02:16,
2021-03-14T10:07:15,
2021-03-14T10:12:15,
2021-03-14T10:17:15,
2021-03-14T10:22:15,
2021-03-14T10:27:15,
2021-03-14T10:32:16,
2021-03-14T10:37:15,
2021-03-14T10:42:16,
2021-03-14T10:47:15,
2021-03-14T10:52:15,
2021-03-14T10:57:16,
2021-03-14T11:02:15,
2021-03-14T11:07:15,
2021-03-14T11:12:15,
2021-03-14T11:17:16,
2021-03-14T11:22:15,
2021-03-14T11:27:16,
2021-03-14T11:32:16,
2021-03-14T11:37:15,
2021-03-14T11:42:15,
2021-03-14T11:47:15,
2021-03-14T11:52:16,
2021-03-14T11:57:16,
2021-03-14T12:02:15,
2021-03-14T12:07:16,
2021-03-14T12:12:16,
2021-03-14T12:17:16,
2021-03-14T12:22:15,
2021-03-14T12:27:15,
2021-03-14T12:32:15,
2021-03-14T12:37:16,
2021-03-14T12:42:16,
2021-03-14T12:47:16,
2021-03-14T12:52:16,
2021-03-14T12:57:17,
2021-03-14T13:02:17,
2021-03-14T13:07:16,
2021-03-14T13:12:17,
2021-03-14T13:17:17,
2021-03-14T13:22:17,
2021-03-14T13:27:17,
2021-03-14T13:32:16,
2021-03-14T13:37:17,
2021-03-14T13:42:16,
2021-03-14T13:47:17,
2021-03-14T13:52:17,
2021-03-14T13:57:17,
2021-03-14T14:02:17,
2021-03-14T14:07:17,
2021-03-14T14:12:17,
2021-03-14T14:17:17,
2021-03-14T14:22:17,
2021-03-14T14:27:16,
2021-03-14T14:32:17,
2021-03-14T14:37:17,
2021-03-14T14:42:17,
2021-03-14T14:47:17,
2021-03-14T14:52:17,
2021-03-14T14:57:17,
2021-03-14T15:02:17,
2021-03-14T15:07:17,
2021-03-14T15:12:17,
2021-03-14T15:17:16,
2021-03-14T15:22:16,
2021-03-14T15:27:17,
2021-03-14T15:32:17,
2021-03-14T15:37:16,
2021-03-14T15:42:17,
2021-03-14T15:47:16,
2021-03-14T15:52:17,
2021-03-14T15:57:16,
2021-03-14T16:02:16,
2021-03-14T16:07:17,
2021-03-14T16:12:17,
2021-03-14T16:17:17,
2021-03-14T16:22:17,
2021-03-14T16:27:17,
2021-03-14T16:32:16,
2021-03-14T16:37:17,
2021-03-14T16:42:16,
2021-03-14T16:47:16,
2021-03-14T16:52:17,
2021-03-14T16:57:17,
2021-03-14T17:02:16,
2021-03-14T17:07:16,
2021-03-14T17:12:16,
2021-03-14T17:17:16,
2021-03-14T17:22:17,
2021-03-14T17:27:17,
2021-03-14T17:32:16,
2021-03-14T17:37:17,
2021-03-14T17:42:17,
2021-03-14T17:47:17,
2021-03-14T17:52:17,
2021-03-14T17:57:16,
2021-03-14T18:02:17,
2021-03-14T18:07:16,
2021-03-14T18:12:16,
2021-03-14T18:17:17,
2021-03-14T18:22:16,
2021-03-14T18:27:17,
2021-03-14T18:32:16,
2021-03-14T18:37:17,
2021-03-14T18:42:16,
2021-03-14T18:47:16,
2021-03-14T18:52:17,
2021-03-14T18:57:17,
2021-03-14T19:02:16,
2021-03-14T19:07:16,
2021-03-14T19:12:16,
2021-03-14T19:17:17,
2021-03-14T19:22:17,
2021-03-14T19:27:16,
2021-03-14T19:32:17,
2021-03-14T19:37:17,
2021-03-14T19:42:16,
2021-03-14T19:47:17,
2021-03-14T19:52:17,
2021-03-14T19:57:17,
2021-03-14T20:02:17,
2021-03-14T20:07:17,
2021-03-14T20:12:17,
2021-03-14T20:17:17,
2021-03-14T20:22:17,
2021-03-14T20:27:17,
2021-03-14T20:32:17,
2021-03-14T20:37:17,
2021-03-14T20:42:17,
2021-03-14T20:47:17,
2021-03-14T20:52:17,
2021-03-14T20:57:17,
2021-03-14T21:02:17,
2021-03-14T21:07:17,
2021-03-14T21:12:17,
2021-03-14T21:17:17,
2021-03-14T21:22:17,
2021-03-14T21:27:17,
2021-03-14T21:32:17,
2021-03-14T21:37:17,
2021-03-14T21:42:17,
2021-03-14T21:47:17,
2021-03-14T21:52:18,
2021-03-14T21:57:17,
2021-03-14T22:02:17,
2021-03-14T22:07:17,
2021-03-14T22:12:17,
2021-03-14T22:17:17,
2021-03-14T22:22:17,
2021-03-14T22:27:17,
2021-03-14T22:32:18,
2021-03-14T22:37:17,
2021-03-14T22:42:17,
2021-03-14T22:47:17,
2021-03-14T22:52:17,
2021-03-14T22:57:17,
2021-03-14T23:02:17,
2021-03-14T23:07:17,
2021-03-14T23:12:18,
2021-03-14T23:17:17,
2021-03-14T23:22:17,
2021-03-14T23:27:17,
2021-03-14T23:32:17,
2021-03-14T23:37:17,
2021-03-14T23:42:17,
2021-03-14T23:47:17,
2021-03-14T23:52:17,
2021-03-14T23:57:17,
2021-03-15T00:02:16,
2021-03-15T00:07:17,
2021-03-15T00:12:17,
2021-03-15T00:17:17,
2021-03-15T00:22:17,
2021-03-15T00:27:16,
2021-03-15T00:32:16,
2021-03-15T00:37:16,
2021-03-15T00:42:16,
2021-03-15T00:47:17,
2021-03-15T00:52:16,
2021-03-15T00:57:16,
2021-03-15T01:02:16,
2021-03-15T01:07:16,
2021-03-15T01:12:16,
2021-03-15T01:17:16,
2021-03-15T01:22:16,
2021-03-15T01:27:16,
2021-03-15T01:32:16,
2021-03-15T01:37:17,
2021-03-15T01:42:16,
2021-03-15T01:47:16,
2021-03-15T01:52:17,
2021-03-15T01:57:17,
2021-03-15T02:02:17,
2021-03-15T02:07:16,
2021-03-15T02:12:16,
2021-03-15T02:17:16,
2021-03-15T02:22:16,
2021-03-15T02:27:17,
2021-03-15T02:32:17,
2021-03-15T02:37:17,
2021-03-15T02:42:17,
2021-03-15T02:47:17,
2021-03-15T02:52:16,
2021-03-15T02:57:16,
2021-03-15T03:02:17,
2021-03-15T03:07:17,
2021-03-15T03:12:17,
2021-03-15T03:17:17,
2021-03-15T03:22:16,
2021-03-15T03:27:17,
2021-03-15T03:32:17,
2021-03-15T03:37:18,
2021-03-15T03:42:18,
2021-03-15T03:47:18,
2021-03-15T03:52:18,
2021-03-15T03:57:18,
2021-03-15T04:02:16,
2021-03-15T04:07:17,
2021-03-15T04:12:16,
2021-03-15T04:17:17,
2021-03-15T04:22:16,
2021-03-15T04:27:17,
2021-03-15T04:32:16,
2021-03-15T04:37:17,
2021-03-15T04:42:17,
2021-03-15T04:47:16,
2021-03-15T04:52:17,
2021-03-15T04:57:17,
2021-03-15T05:02:17,
2021-03-15T05:07:17,
2021-03-15T05:12:17,
2021-03-15T05:17:17,
2021-03-15T05:22:17,
2021-03-15T05:27:17,
2021-03-15T05:32:17,
2021-03-15T05:37:16,
2021-03-15T05:42:17,
2021-03-15T05:47:17,
2021-03-15T05:52:18,
2021-03-15T05:57:18,
2021-03-15T06:02:18,
2021-03-15T06:07:18,
2021-03-15T06:12:18,
2021-03-15T06:17:17,
2021-03-15T06:22:17,
2021-03-15T06:27:18,
2021-03-15T06:32:18,
2021-03-15T06:37:18,
2021-03-15T06:42:18,
2021-03-15T06:47:18,
2021-03-15T06:52:17,
2021-03-15T06:57:18,
2021-03-15T07:02:18,
2021-03-15T07:07:17,
2021-03-15T07:12:18,
2021-03-15T07:17:17,
2021-03-15T07:22:18,
2021-03-15T07:27:18,
2021-03-15T07:32:18,
2021-03-15T07:37:18,
2021-03-15T07:42:17,
2021-03-15T07:47:18,
2021-03-15T07:52:17,
2021-03-15T07:57:18,
2021-03-15T08:02:18,
2021-03-15T08:07:17,
2021-03-15T08:12:18,
2021-03-15T08:17:18,
2021-03-15T08:22:18,
2021-03-15T08:27:18,
2021-03-15T08:32:17,
2021-03-15T08:37:18,
2021-03-15T08:42:17,
2021-03-15T08:47:18,
2021-03-15T08:52:18,
2021-03-15T08:57:18,
2021-03-15T09:02:18,
2021-03-15T09:07:17,
2021-03-15T09:12:18,
2021-03-15T09:17:18,
2021-03-15T09:22:18,
2021-03-15T09:27:18,
2021-03-15T09:32:18,
2021-03-15T09:37:18,
2021-03-15T09:42:17,
2021-03-15T09:47:18,
2021-03-15T09:52:18,
2021-03-15T09:57:18,
2021-03-15T10:02:17,
2021-03-15T10:07:18,
2021-03-15T10:12:18,
2021-03-15T10:17:18,
2021-03-15T10:22:17,
2021-03-15T10:27:17,
2021-03-15T10:32:18,
2021-03-15T10:37:18,
2021-03-15T10:42:18,
2021-03-15T10:47:18,
2021-03-15T10:52:18,
2021-03-15T10:57:17,
2021-03-15T11:02:18,
2021-03-15T11:07:18,
2021-03-15T11:12:18,
2021-03-15T11:17:17,
2021-03-15T11:22:18,
2021-03-15T11:27:18,
2021-03-15T11:32:18,
2021-03-15T11:37:18,
2021-03-15T11:42:18,
2021-03-15T11:47:18,
2021-03-15T11:52:18,
2021-03-15T11:57:18,
2021-03-15T12:02:18,
2021-03-15T12:07:18,
2021-03-15T12:12:18,
2021-03-15T12:17:18,
2021-03-15T12:22:18,
2021-03-15T12:27:18,
2021-03-15T12:32:18,
2021-03-15T12:37:18,
2021-03-15T12:42:18,
2021-03-15T12:47:18,
2021-03-15T12:52:18,
2021-03-15T12:57:18,
2021-03-15T13:02:18,
2021-03-15T13:07:18,
2021-03-15T13:12:18,
2021-03-15T13:17:18,
2021-03-15T13:22:18,
2021-03-15T13:27:18,
2021-03-15T13:32:18,
2021-03-15T13:37:18,
2021-03-15T13:42:18,
2021-03-15T13:47:18,
2021-03-15T13:52:18,
2021-03-15T13:57:18,
2021-03-15T14:02:18,
2021-03-15T14:07:18,
2021-03-15T14:12:18,
2021-03-15T14:17:18,
2021-03-15T14:22:18,
2021-03-15T14:27:18,
2021-03-15T14:32:18,
2021-03-15T14:37:18,
2021-03-15T14:42:18,
2021-03-15T14:47:18,
2021-03-15T14:52:18,
2021-03-15T14:57:18,
2021-03-15T15:02:18,
2021-03-15T15:07:18,
2021-03-15T15:12:18,
2021-03-15T15:17:18,
2021-03-15T15:22:18,
2021-03-15T15:27:18,
2021-03-15T15:32:18,
2021-03-15T15:37:18,
2021-03-15T15:42:18,
2021-03-15T15:47:18,
2021-03-15T15:52:18,
2021-03-15T15:57:18,
2021-03-15T16:02:19,
2021-03-15T16:07:18,
2021-03-15T16:12:18,
2021-03-15T16:17:18,
2021-03-15T16:22:18,
2021-03-15T16:27:18,
2021-03-15T16:32:18,
2021-03-15T16:37:18,
2021-03-15T16:42:18,
2021-03-15T16:47:18,
2021-03-15T16:52:18,
2021-03-15T16:57:18,
2021-03-15T17:02:18,
2021-03-15T17:07:18,
2021-03-15T17:12:18,
2021-03-15T17:17:18,
2021-03-15T17:22:18,
2021-03-15T17:27:18,
2021-03-15T17:32:18,
2021-03-15T17:37:18,
2021-03-15T17:42:19,
2021-03-15T17:47:18,
2021-03-15T17:52:19,
2021-03-15T17:57:18,
2021-03-15T18:02:18,
2021-03-15T18:07:18,
2021-03-15T18:12:18,
2021-03-15T18:17:18,
2021-03-15T18:22:19,
2021-03-15T18:27:18,
2021-03-15T18:32:18,
2021-03-15T18:37:18,
2021-03-15T18:42:18,
2021-03-15T18:47:19,
2021-03-15T18:52:18,
2021-03-15T18:57:19,
2021-03-15T19:02:18,
2021-03-15T19:07:18,
2021-03-15T19:12:18,
2021-03-15T19:17:18,
2021-03-15T19:22:19,
2021-03-15T19:27:19,
2021-03-15T19:32:18,
2021-03-15T19:37:18,
2021-03-15T19:42:19,
2021-03-15T19:47:18,
2021-03-15T19:52:19,
2021-03-15T19:57:18,
2021-03-15T20:02:19,
2021-03-15T20:07:18,
2021-03-15T20:12:19,
2021-03-15T20:17:18,
2021-03-15T20:22:18,
2021-03-15T20:27:19,
2021-03-15T20:32:18,
2021-03-15T20:37:18,
2021-03-15T20:42:18,
2021-03-15T20:47:18,
2021-03-15T20:52:18,
2021-03-15T20:57:19,
2021-03-15T21:02:19,
2021-03-15T21:07:18,
2021-03-15T21:12:19,
2021-03-15T21:17:18,
2021-03-15T21:22:17,
2021-03-15T21:27:18,
2021-03-15T21:32:17,
2021-03-15T21:37:17,
2021-03-15T21:42:18,
2021-03-15T21:47:17,
2021-03-15T21:52:18,
2021-03-15T21:57:18,
2021-03-15T22:02:17,
2021-03-15T22:07:17,
2021-03-15T22:12:17,
2021-03-15T22:17:17,
2021-03-15T22:22:18,
2021-03-15T22:27:18,
2021-03-15T22:32:18,
2021-03-15T22:37:18,
2021-03-15T22:42:17,
2021-03-15T22:47:17,
2021-03-15T22:52:18,
2021-03-15T22:57:17,
2021-03-15T23:02:18,
2021-03-15T23:07:17,
2021-03-15T23:12:17,
2021-03-15T23:17:18,
2021-03-15T23:22:18,
2021-03-15T23:27:17,
2021-03-15T23:32:17,
2021-03-15T23:37:17,
2021-03-15T23:42:18,
2021-03-15T23:47:17,
2021-03-15T23:52:17,
2021-03-15T23:57:17,
2021-03-16T00:02:18,
2021-03-16T00:07:17,
2021-03-16T00:12:18,
2021-03-16T00:17:18,
2021-03-16T00:22:18,
2021-03-16T00:27:18,
2021-03-16T00:32:18,
2021-03-16T00:37:18,
2021-03-16T00:42:18,
2021-03-16T00:47:18,
2021-03-16T00:52:18,
2021-03-16T00:57:18,
2021-03-16T01:02:18,
2021-03-16T01:07:18,
2021-03-16T01:12:17,
2021-03-16T01:17:18,
2021-03-16T01:22:17,
2021-03-16T01:27:18,
2021-03-16T01:32:18,
2021-03-16T01:37:17,
2021-03-16T01:42:17,
2021-03-16T01:47:17,
2021-03-16T01:52:18,
2021-03-16T01:57:18,
2021-03-16T02:02:17,
2021-03-16T02:07:17,
2021-03-16T02:12:18,
2021-03-16T02:17:18,
2021-03-16T02:22:18,
2021-03-16T02:27:18,
2021-03-16T02:32:18,
2021-03-16T02:37:17,
2021-03-16T02:42:18,
2021-03-16T02:47:17,
2021-03-16T02:52:18,
2021-03-16T02:57:17,
2021-03-16T03:02:18,
2021-03-16T03:07:18,
2021-03-16T03:12:18,
2021-03-16T03:17:18,
2021-03-16T03:22:18,
2021-03-16T03:27:17,
2021-03-16T03:32:18,
2021-03-16T03:37:18,
2021-03-16T03:42:18,
2021-03-16T03:47:18,
2021-03-16T03:52:17,
2021-03-16T03:57:18,
2021-03-16T04:02:18,
2021-03-16T04:07:18,
2021-03-16T04:12:18,
2021-03-16T04:17:18,
2021-03-16T04:22:18,
2021-03-16T04:27:18,
2021-03-16T04:32:18,
2021-03-16T04:37:17,
2021-03-16T04:42:18,
2021-03-16T04:47:18,
2021-03-16T04:52:18,
2021-03-16T04:57:18,
2021-03-16T05:02:18,
2021-03-16T05:07:17,
2021-03-16T05:12:18,
2021-03-16T05:17:18,
2021-03-16T05:22:17,
2021-03-16T05:27:18,
2021-03-16T05:32:18,
2021-03-16T05:37:18,
2021-03-16T05:42:18,
2021-03-16T05:47:18,
2021-03-16T05:52:18,
2021-03-16T05:57:18,
2021-03-16T06:02:18,
2021-03-16T06:07:18,
2021-03-16T06:12:18,
2021-03-16T06:17:19,
2021-03-16T06:22:19,
2021-03-16T06:27:19,
2021-03-16T06:32:19,
2021-03-16T06:37:19,
2021-03-16T06:42:19,
2021-03-16T06:47:19,
2021-03-16T06:52:18,
2021-03-16T06:57:18,
2021-03-16T07:02:18,
2021-03-16T07:07:18,
2021-03-16T07:12:18,
2021-03-16T07:17:18,
2021-03-16T07:22:18,
2021-03-16T07:27:18,
2021-03-16T07:32:18,
2021-03-16T07:37:18,
2021-03-16T07:42:17,
2021-03-16T07:47:18,
2021-03-16T07:52:18,
2021-03-16T07:57:18,
2021-03-16T08:02:18,
2021-03-16T08:07:18,
2021-03-16T08:12:18,
2021-03-16T08:17:18,
2021-03-16T08:22:18,
2021-03-16T08:27:18,
2021-03-16T08:32:18,
2021-03-16T08:37:18,
2021-03-16T08:42:18,
2021-03-16T08:47:18,
2021-03-16T08:52:18,
2021-03-16T08:57:18,
2021-03-16T09:02:18,
2021-03-16T09:07:18,
2021-03-16T09:12:18,
2021-03-16T09:17:19,
2021-03-16T09:22:18,
2021-03-16T09:27:18,
2021-03-16T09:32:18,
2021-03-16T09:37:18,
2021-03-16T09:42:18,
2021-03-16T09:47:19,
2021-03-16T09:52:18,
2021-03-16T09:57:18,
2021-03-16T10:02:18,
2021-03-16T10:07:18,
2021-03-16T10:12:19,
2021-03-16T10:17:18,
2021-03-16T10:22:19,
2021-03-16T10:27:19,
2021-03-16T10:32:19,
2021-03-16T10:37:19,
2021-03-16T10:42:19,
2021-03-16T10:47:19,
2021-03-16T10:52:19,
2021-03-16T10:57:19,
2021-03-16T11:02:19,
2021-03-16T11:07:19,
2021-03-16T11:12:19,
2021-03-16T11:17:20,
2021-03-16T11:22:19,
2021-03-16T11:27:19,
2021-03-16T11:32:19,
2021-03-16T11:37:20,
2021-03-16T11:42:19,
2021-03-16T11:47:19,
2021-03-16T11:52:19,
2021-03-16T11:57:19,
2021-03-16T12:02:20,
2021-03-16T12:07:19,
2021-03-16T12:12:20,
2021-03-16T12:17:20,
2021-03-16T12:22:19,
2021-03-16T12:27:20,
2021-03-16T12:32:20,
2021-03-16T12:37:19,
2021-03-16T12:42:19,
2021-03-16T12:47:19,
2021-03-16T12:52:20,
2021-03-16T12:57:20,
2021-03-16T13:02:19,
2021-03-16T13:07:20,
2021-03-16T13:12:20,
2021-03-16T13:17:19,
2021-03-16T13:22:20,
2021-03-16T13:27:20,
2021-03-16T13:32:19,
2021-03-16T13:37:19,
2021-03-16T13:42:20,
2021-03-16T13:47:19,
2021-03-16T13:52:19,
2021-03-16T13:57:19,
2021-03-16T14:02:19,
2021-03-16T14:07:19,
2021-03-16T14:12:20,
2021-03-16T14:17:19,
2021-03-16T14:22:19,
2021-03-16T14:27:20,
2021-03-16T14:32:20,
2021-03-16T14:37:19,
2021-03-16T14:42:20,
2021-03-16T14:47:19,
2021-03-16T14:52:20,
2021-03-16T14:57:19,
2021-03-16T15:02:20,
2021-03-16T15:07:20,
2021-03-16T15:12:19,
2021-03-16T15:17:19,
2021-03-16T15:22:20,
2021-03-16T15:27:20,
2021-03-16T15:32:19,
2021-03-16T15:37:20,
2021-03-16T15:42:19,
2021-03-16T15:47:19,
2021-03-16T15:52:20,
2021-03-16T15:57:20,
2021-03-16T16:02:19,
2021-03-16T16:07:20,
2021-03-16T16:12:19,
2021-03-16T16:17:20,
2021-03-16T16:22:19,
2021-03-16T16:27:20,
2021-03-16T16:32:20,
2021-03-16T16:37:19,
2021-03-16T16:42:19,
2021-03-16T16:47:19,
2021-03-16T16:52:20,
2021-03-16T16:57:19,
2021-03-16T17:02:19,
2021-03-16T17:07:20,
2021-03-16T17:12:20,
2021-03-16T17:17:19,
2021-03-16T17:22:20,
2021-03-16T17:27:20,
2021-03-16T17:32:19,
2021-03-16T17:37:20,
2021-03-16T17:42:20,
2021-03-16T17:47:20,
2021-03-16T17:52:20,
2021-03-16T17:57:20,
2021-03-16T18:02:20,
2021-03-16T18:07:20,
2021-03-16T18:12:20,
2021-03-16T18:17:20,
2021-03-16T18:22:19,
2021-03-16T18:27:20,
2021-03-16T18:32:20,
2021-03-16T18:37:19,
2021-03-16T18:42:20,
2021-03-16T18:47:20,
2021-03-16T18:52:20,
2021-03-16T18:57:20,
2021-03-16T19:02:19,
2021-03-16T19:07:20,
2021-03-16T19:12:20,
2021-03-16T19:17:19,
2021-03-16T19:22:20,
2021-03-16T19:27:20,
2021-03-16T19:32:20,
2021-03-16T19:37:20,
2021-03-16T19:42:20,
2021-03-16T19:47:20,
2021-03-16T19:52:20,
2021-03-16T19:57:19,
2021-03-16T20:02:20,
2021-03-16T20:07:20,
2021-03-16T20:12:20,
2021-03-16T20:17:20,
2021-03-16T20:22:20,
2021-03-16T20:27:20,
2021-03-16T20:32:20,
2021-03-16T20:37:20,
2021-03-16T20:42:19,
2021-03-16T20:47:20,
2021-03-16T20:52:20,
2021-03-16T20:57:20,
2021-03-16T21:02:20,
2021-03-16T21:07:19,
2021-03-16T21:12:20,
2021-03-16T21:17:20,
2021-03-16T21:22:20,
2021-03-16T21:27:19,
2021-03-16T21:32:20,
2021-03-16T21:37:20,
2021-03-16T21:42:19,
2021-03-16T21:47:20,
2021-03-16T21:52:19,
2021-03-16T21:57:20,
2021-03-16T22:02:20,
2021-03-16T22:07:20,
2021-03-16T22:12:19,
2021-03-16T22:17:20,
2021-03-16T22:22:19,
2021-03-16T22:27:20,
2021-03-16T22:32:20,
2021-03-16T22:37:20,
2021-03-16T22:42:20,
2021-03-16T22:47:20,
2021-03-16T22:52:20,
2021-03-16T22:57:20,
2021-03-16T23:02:20,
2021-03-16T23:07:20,
2021-03-16T23:12:20,
2021-03-16T23:17:20,
2021-03-16T23:22:20,
2021-03-16T23:27:20,
2021-03-16T23:32:20,
2021-03-16T23:37:20,
2021-03-16T23:42:20,
2021-03-16T23:47:20,
2021-03-16T23:52:20,
2021-03-16T23:57:20,
2021-03-17T00:02:20,
2021-03-17T00:07:20,
2021-03-17T00:12:20,
2021-03-17T00:17:20,
2021-03-17T00:22:20,
2021-03-17T00:27:20,
2021-03-17T00:32:20,
2021-03-17T00:37:20,
2021-03-17T00:42:20,
2021-03-17T00:47:20,
2021-03-17T00:52:20,
2021-03-17T00:57:20,
2021-03-17T01:02:20,
2021-03-17T01:07:19,
2021-03-17T01:12:19,
2021-03-17T01:17:19,
2021-03-17T01:22:19,
2021-03-17T01:27:19,
2021-03-17T01:32:19,
2021-03-17T01:37:19,
2021-03-17T01:42:19,
2021-03-17T01:47:19,
2021-03-17T01:52:19,
2021-03-17T01:57:19,
2021-03-17T02:02:20,
2021-03-17T02:07:19,
2021-03-17T02:12:19,
2021-03-17T02:17:19,
2021-03-17T02:22:19,
2021-03-17T02:27:19,
2021-03-17T02:32:19,
2021-03-17T02:37:19,
2021-03-17T02:42:19,
2021-03-17T02:47:20,
2021-03-17T02:52:19,
2021-03-17T02:57:19,
2021-03-17T03:02:19,
2021-03-17T03:07:19,
2021-03-17T03:12:19,
2021-03-17T03:17:19,
2021-03-17T03:22:19,
2021-03-17T03:27:20,
2021-03-17T03:32:19,
2021-03-17T03:37:19,
2021-03-17T03:42:20,
2021-03-17T03:47:19,
2021-03-17T03:52:19,
2021-03-17T03:57:20,
2021-03-17T04:02:19,
2021-03-17T04:07:20,
2021-03-17T04:12:19,
2021-03-17T04:17:19,
2021-03-17T04:22:20,
2021-03-17T04:27:19,
2021-03-17T04:32:19,
2021-03-17T04:37:19,
2021-03-17T04:42:20,
2021-03-17T04:47:21,
2021-03-17T04:52:20,
2021-03-17T04:57:21,
2021-03-17T05:02:20,
2021-03-17T05:07:20,
2021-03-17T05:12:21,
2021-03-17T05:17:21,
2021-03-17T05:22:21,
2021-03-17T05:27:20,
2021-03-17T05:32:20,
2021-03-17T05:37:20,
2021-03-17T05:42:20,
2021-03-17T05:47:21,
2021-03-17T05:52:21,
2021-03-17T05:57:20,
2021-03-17T06:02:21,
2021-03-17T06:07:20,
2021-03-17T06:12:20,
2021-03-17T06:17:21,
2021-03-17T06:22:20,
2021-03-17T06:27:21,
2021-03-17T06:32:20,
2021-03-17T06:37:21,
2021-03-17T06:42:21,
2021-03-17T06:47:21,
2021-03-17T06:52:21,
2021-03-17T06:57:20,
2021-03-17T07:02:20,
2021-03-17T07:07:19,
2021-03-17T07:12:19,
2021-03-17T07:17:19,
2021-03-17T07:22:20,
2021-03-17T07:27:20,
2021-03-17T07:32:20,
2021-03-17T07:37:20,
2021-03-17T07:42:20,
2021-03-17T07:47:20,
2021-03-17T07:52:19,
2021-03-17T07:57:20,
2021-03-17T08:02:19,
2021-03-17T08:07:19,
2021-03-17T08:12:21,
2021-03-17T08:17:21,
2021-03-17T08:22:20,
2021-03-17T08:27:20,
2021-03-17T08:32:21,
2021-03-17T08:37:20,
2021-03-17T08:42:21,
2021-03-17T08:47:21,
2021-03-17T08:52:21,
2021-03-17T08:57:21,
2021-03-17T09:02:21,
2021-03-17T09:07:20,
2021-03-17T09:12:20,
2021-03-17T09:17:20,
2021-03-17T09:22:20,
2021-03-17T09:27:21,
2021-03-17T09:32:20,
2021-03-17T09:37:20,
2021-03-17T09:42:21,
2021-03-17T09:47:20,
2021-03-17T09:52:20,
2021-03-17T09:57:20,
2021-03-17T10:02:20,
2021-03-17T10:07:20,
2021-03-17T10:12:19,
2021-03-17T10:17:19,
2021-03-17T10:22:19,
2021-03-17T10:27:20,
2021-03-17T10:32:19,
2021-03-17T10:37:20,
2021-03-17T10:42:19,
2021-03-17T10:47:20,
2021-03-17T10:52:19,
2021-03-17T10:57:19,
2021-03-17T11:02:19,
2021-03-17T11:07:20,
2021-03-17T11:12:20,
2021-03-17T11:17:20,
2021-03-17T11:22:20,
2021-03-17T11:27:20,
2021-03-17T11:32:20,
2021-03-17T11:37:20,
2021-03-17T11:42:20,
2021-03-17T11:47:20,
2021-03-17T11:52:19,
2021-03-17T11:57:20,
2021-03-17T12:02:20,
2021-03-17T12:07:20,
2021-03-17T12:12:20,
2021-03-17T12:17:20,
2021-03-17T12:22:20,
2021-03-17T12:27:21,
2021-03-17T12:32:21,
2021-03-17T12:37:20,